name,context,code,level,type,text,extract,rel
金沙县,"[贵州省, 毕节地区]",522424,3,del,金沙县历史沿革编辑(8张)夜郎国的鳖国属地。秦初，改鳖国为鳖地县，隶巴郡。汉元光五年（前130），在鳖置犍为郡（今遵义市东），辖鳖等县。元鼎六年（前111），置牂牁郡，领鳖、平夷2县。新莽时，改牂牁郡为西顺郡。东汉，复为犍为郡。建安二十年（215），废犍为郡，鳖、平夷等隶益州牂牁郡。今县境古属鳖县地。蜀汉建兴三年（228），彝族首领火济受蜀汉封罗甸王，今县境属其辖地，仍属鳖县。西晋泰始七年（271），牂牁郡领鳖、平夷等8县。建兴元年（313），从牂牁郡辖县中析平夷、鳖2县置平夷郡（今毕节市附近）。东晋咸安元年（371），改平夷郡、县为平蛮郡、县。十六国后期（430前后），平蛮郡隶成国。梁太清二年（548），牂牁、平蛮二郡为谢氏保守，仍奉梁正朔，下历陈至隋。隋唐时，并牂牁、平蛮2郡为牂州。大业三年（607），改牂州为牂牁郡，领牂牁等县，今县境中、东部属牂牁县，西部属土著豪族分割区。鳖县与平蛮郡（县）名消失。大业十年（614），将县境属牂牁县地域置信安县。唐武德二年（619），在今县境置义州，改信安县为信宁县，隶义州。贞观四年（630），信宁县移置播州以东，隶夷州。后义州降为羁縻州，属。黔州。天宝元年（743），改黔州为黔中郡。五代，义州仍属黔中郡。宋代大观三年（1109），今县境中、东部属遵义，西南、西部属罗氏鬼国地。南宋理宗绍定元年（1228），升武泰军节度为绍庆府，领播等9州和49个羁縻州，义州，仍如唐制。末期（1200），总属罗氏鬼国。元时，设顺元路军民宣府司，有2县11蛮夷长官司，其中，沙溪等处蛮夷长官司，即建今金沙。大德十年（1306），改沙溪等处蛮夷长官司直隶四川行省。(14张)遵义县、府，控制沙溪巡检司。崇祯七年（1634），以今金沙化觉乡和黔西中坪等地，置怀远卫。今县境东南部，明代置黄沙渡巡检司。清康熙四年（1664），隶黔西府。雍正五年（1727），部分地方属遵义县，隶贵州。部分地方属叙永岩上岩下地区，隶四川。乾隆元年（1736），割四川叙永岩上岩下地区归贵州黔西州辖，编为平定里。民国三年（1914），改黔西州为黔西县。三十年（1941），析黔西县西北部及大方、遵义二县部分地置金沙县，金沙县，原名打鼓新场。清代以来，打鼓新场因地处川黔边界川盐交通要道，来往客商多，百里土特产云集，成为黔北农村四大重要集镇之一。1949年12月15日，金沙解放，金沙县隶贵州省毕节地（专）区。1950年成立金沙县人民政府，隶属毕节地区。全县设5个区人民政府，管辖原2镇16乡163保。,-,-
黔西县,"[贵州省, 毕节地区]",522423,3,del,黔西县建制沿革编辑黔西县历史悠久。据境内“黔西观音洞”出土文物考证，黔西是古人类发祥地之一，属长江以南旧石器早期文化的代表，早在五六十万年前就有人类繁衍生息，享有北有周口店，南有观音洞的赞誉。夏商时为梁州南徼外“荒裔”。商末周初属鬼方联盟的卢夷国。春秋战国时先后属蜀国和鳖国地。秦嬴政二十七年（公元前220年）纳入秦国版图属夜郎县。经汉、唐、宋、元演变，至明洪武十五年（1382年）筑水西城（今县城），崇祯三年（1630年）以安氏之水西地置水西宣慰司。清康熙五年（1666年）以水西城置黔西府，康熙二十二年（1684年）降为黔西州。民国三年（1914年）1月改称黔西县。,-,-
大方县,"[贵州省, 毕节地区]",522422,3,del,大方县历史沿革编辑(14张)夏朝，大方县为梁州南域荒地，商属鬼方。秦始皇嬴政二十六年(前221)纳入秦汉阳县。西汉元鼎六年(公元前111)划入平夷县。南梁太清三年(549)，昆明夷济火闽支第二十世，由闽（今云南东川）向东北扩展，据今贵州西和西北地带，号卢鹿部。唐武后万岁通天二年(697)卢鹿部归顺中央王朝，唐廷以其地置犍州(大方东部和黔西西北)、郝州（大方南部和纳雍北部）等羁縻州。宋皇祐年间为“罗氏鬼国”地。元至元十五年（1278），罗氏鬼主阿窄纳土内附，设罗氏鬼国安抚使。明洪武四年（1371），顺元路宣慰使霭翠归附，封为贵州宣慰使“位各宣慰之上”，十四年（1381）霭翠病逝，妻奢香代袭其职。次年，明将傅友德、沐英等率大军从四川、湖南经贵州讨伐云南梁王巴匝剌瓦尔密，当时盘踞云南的元蒙势力与乌撒、芒部的部分奴隶主相勾结，抗拒明军。奢香审时度势，维护明朝的统一，支持明军入滇。明天启二年（1622），安邦彦挟持安位反明，历经八年，兵败后安位请降。崇祯八年（1635），镇将方国安建大方城。清康熙三年（1664），水西宣慰使安坤与乌撒土官安重圣等联合反清，历时年余，被吴三桂平定（史称“吴王剿水西”）。康熙四年（1665）十一月“水西遂王”。吴三桂奏请改土归流，并将大方改为大定，以木胯、火著、化各、架勒四则溪设大定府，结束土司政权的世袭统治。吴三桂有功，授水西宣慰使，世袭，但不许干预政事。三十七年（1698），安圣祖卒，无子袭职，废世袭，终止安氏在大定的土官世袭。清康熙二十六年（1688）改大定为州，隶威宁府。雍正八年（1730）恢复大定府，辖三州一厅一县。宣统三年（1911），受武昌起义和贵州自治学社起义（十一月四日）的影响，同盟会员简书等于十一月八日在大定率革命党起义成功，推翻清朝在大定的封建统治，赶走大定知府陈庆慈，建立革命政权——大定军政分府，简书任大定军政分府行政长官。大定起义是全省六个府中第一个建立军政分府（即六属之首）。民国三年（1914）废府设大定县，隶贵州省黔西道。民国二十四年（1935）改隶贵州省第四督察专员公署。民国二十五年（1936）2月6日，肖克、贺龙率中国工农红军二六军团抵大定，次日成立中华苏维埃人民共和国川滇黔省革命委员会，8日在城关召开群众大会，批准成立县临时革命政权——大定拥护红军委员会（简称拥红会），推选彭新民为拥红会主任。1949年11月25日大定县城解放，27日地方人士杨文同等发起成立“支前委员会”筹集粮草，支援人民解放军。12月5日大定县人民政府成立，隶毕节专员公署，将旧政权4镇16乡，改设为5个行政区，接管旧政权，开展征粮、剿匪等工作。12月6日，将旧行政区6镇16乡划为6个行政区，建区人民政府。1950年1月，因干部不足，改设5个区，辖4镇16乡。7月5日调整为城关、响水、双山、鼎新、马场、理化、鸡场、六龙、百纳、达溪、瓢井、长石、沙厂13个行政区，设置区人民政府。9月至次年5月，废除保甲制，将原256个保，改建为228个村（含城关8个街），成立村（街）人民政府。1953年4月，完成并村建乡，将228个村（街）改建138个乡，4个街，设人民政府。区人民政府改称区公所，为县人民政府派出机构。1958年2月16日，国务院批准大定县更名为大方县。9月取消区乡建制，实行“政社合一”建制，将418个高级农业生产合作社合并为121个人民公社。11月，根据“一区一社”的原则，撤销区乡建社，改建为13个人民公社，123个管理区，293个生产大队，2141个生产小队。1961年10月，恢复区建制，全县设13个区62个人民公社。1963年3月，全县13个区的62个人民公社调整为109个人民公社1个镇。1978年4月，恢复13个区公所。1984年，贯彻执行中共中央、国务院《关于实行党政分开建立乡政府的通知》，按各公社行政区域建乡或乡级镇。通过换届选举，成立乡（镇）人民政府。全县13个区1个区级镇，14个乡级镇，95个乡（其中33个民族乡），44个街道办事处，16个居民委员会，83个居民小组，506个村民委员会，4053个村民小组。,-,-
赫章县,"[贵州省, 毕节地区]",522428,3,del,赫章县建置沿革编辑赫章县新石器时期属“赤水”部落。夏时，县境为梁州之南荒服地。商周为鬼方。春秋为牂牁国西北徼外。战国时属夜郎国。秦始皇二十六年（前221），属汉阳县。汉初汉阳县被废，汉武帝建元六年（前135），复置，隶犍为郡。汉永初二年（108），将犍为南部改置犍为属国，治朱提，汉阳属之。蜀汉时改犍为属国为朱提郡，领汉阳等5县。晋至南齐，隶南宁州朱提郡。梁太清二年（548），地方豪族爨瓒占据宁州，所属郡县俱废，汉阳县行政建制解体。唐代置羁縻小州，今县境属宝州。天宝十年（751），附南诏。宋属乌撒部。元至元十年（1273），乌撒部附元，十三年（1276），置乌撒路，十五年（1278），设乌撒军民总管府，二十一年（1284），改为乌撒军民宣抚司，二十四年（1287），升为乌撒乌蒙宣慰司，隶云南行省，今县境属乌撒辖地。元顺帝至元元年（1335），改隶四川行省。明代，今县境一直为乌撒所辖。洪武十四年（1381），乌撒附明，置乌撒土知府，隶云南布政司；十五年（1382）置乌撒卫指挥司，隶云南都司；十六年（1383）改隶四川布政司。永乐十二年（1414），改隶贵州都司。清康熙四年（1665），裁乌撒卫，置安宁府；五年改称威宁府，今赫章属之。雍正八年（1730），降威宁府为州，今县境属之，至清末。民国二年（1913），威宁改州为县；七年（1918），威宁县得胜坡分县移治赫章，改称赫章分县；三十一年（1942），隶属贵州省第四行政督察区。1950年，隶属贵州省毕节专区，今属毕节市。2007年末，辖27个乡镇456个行政村,-,-
威宁彝族回族苗族自治县,"[贵州省, 毕节地区]",522427,3,del,威宁彝族回族苗族自治县历史沿革编辑威宁，取威镇安宁之意。威宁彝族回族苗族自治县，夏为梁州西南域，殷周属鬼方西北隅，春秋时居蜀国南鄙，战国时为的夜郎西部莫国属地。秦时属象郡，以六冲河为界接蜀郡南壤。汉代属犍为郡；蜀汉时属朱提郡境。晋、宋、南齐，称南朱提郡；梁、陈时为南宁州所领，但实为土著豪族所据。隋代属卢鹿部。唐代为羁縻小州，称宝州。境内得胜坡为宝州所在地。五代时为巴凡兀姑。北宋时为绍庆府所领羁縻州之乌撒部；南宋时受控于大理国。元世祖元至元十三年（1276年），置乌撒路；十五年（1278年），改名为军民总管府；二十一年（1284年），改置乌撒军民宣抚司，二十四年（1287年），升为乌撒乌蒙宣慰司，属云南行省。治所乌撒，辖地为今威宁、赫章等。元顺帝后至元年（1335年），改属四川行省。明洪武十四年（1381年），乌撒降，授实卜乌撒土知府，隶云南布政使司；十五年（1382年），置乌撒卫指挥司，隶云南都司；十六年（1383年），乌撒府改隶于四川布政司；十七年（1384年），升为军民府。永乐十二年（1414年），改乌撒卫隶贵州都司。清康熙四年（1665年）平定水西安坤、乌撒安重圣。五年（1666年），改四川乌撒土府为威宁州，取威镇安宁之义，隶贵州。二十六年（1687年），以大定、黔西、平远三州隶属威宁府。雍正七年降威宁府为州，属大定府。民国二年（1913年），废威宁州置威宁县，并设得胜坡分县，隶属于贵州省第四行政专员督察区；五年（1916年），迁得胜坡分县于赫章。1949年，成立威宁各族各界人民联合政府。1954年11月11日，经国务院批准，撤销威宁县，成立威宁彝族回族苗族自治区，1955年，改称威宁彝族回族苗族自治县，属毕节地区。2013年7月1日起，威宁彝族回族苗族自治县成为贵州省直管试点。,2013年7月1日起，威宁彝族回族苗族自治县成为贵州省直管试点,新增县
纳雍县,"[贵州省, 毕节地区]",522426,3,del,纳雍县历史沿革编辑[2]大约殷周时期，今纳雍属鬼方，春秋时期属于牂牁古国。战国初期，牂牁古国衰裂，夜郎兴起，贵州大部为夜郎国统属，今纳雍亦在夜郎国境内。秦始皇二十六年（公元前221），收夜郎地置夜郎、汉阳诸县，今纳雍属汉阳县，汉阳县属象郡。汉建元六年（公元前140），置犍为郡及邑、汉阳、平夷、朱提、郁鄢诸县，今纳雍属平夷县。元鼎六年（公元前111），置牂牁郡，平夷改隶牂牁。元始四年（4）更牂牁为同亭；晋太安元年(（02)）置宁州，以牂牁、朱提领属。永嘉五年（11）将牂牁分为牂牁、平夷、夜郎三郡，后因避桓温讳，改平夷郡为平蛮郡，平夷县亦为平蛮县。今纳雍先为平夷郡平夷县，后为平蛮郡平蛮县属地。南北朝时，梁泰清中，宁州为爨氏（史称乌蛮）所据，郡县俱废。唐龙朔三年（663），矩州剌史谢法成招抚比楼等七千内附，总章三年（670），以比楼地置禄州、汤望州，今纳雍部分在唐时为汤望州和郝州属地，分别隶黔州都督府和戍州都督府。但“皆羁縻州也”。五代时建置袭旧。宋末诸州皆废，唯称罗氏鬼国，其地包括原郝、义、龚、犍、晖、禄、汤望八州和原牂牁郡，今纳雍属其领地。元至元十五年（1278），罗氏鬼主阿柞内附，诏为其地安抚史，立乌撒军民总管府，十九年（1282），置顺元等路军民宣慰司及都元帅府，并置亦奚不薛、阿且、阿陇三路达鲁哈赤，二十年（1283），置亦奚不薛宣慰司及三路土官，后总三路为一，立亦奚不薛总管府，阿里为总管。大德七年（1303），罢亦奚不薛宣慰司及总管府，并于八番顺元，徙顺元宣抚司于亦奚不薛，以阿画为宣抚使居水西，阿重为同知，居水东，降宣抚司为安慰司，时领蛮夷长官所二十四，在水西有八，今纳雍为木窝、普得、普仲、市北洞等长官所领地。明洪武五年（1372），改顺元为贵州，随置贵州宣慰司，崇祯三年（1630）改贵州宣慰司为水西宣慰司，但仅统水西之地，自分为中水、下水、底水，盖三路达鲁哈赤、三部土官之旧，每路下辖四宗亲，后讹为则溪，每宗亲下有土目四，共四十八目。时归宗、杓坐、总机、以支、以个等土目均在今纳雍。大约今纳雍鬃岭、阳长、乐治、居仁等乡镇属火着则溪，维新、姑开、龙场、治昆属木胯则溪，张维以及雍熙部分属法戈则溪。清康熙四年（1665），以水西地置大定、平远、黔西及威宁四府。大定府以原化各则溪地编悦服、乐贡二里，原火着则溪地编大有、嘉禾二里，原架勒则溪地编永顺、常平二里，原木胯则溪地编仁育、义渐二里。悦服里包括今纳雍寨落、龙场、治昆等乡镇和维新部分，大有里包括乐治、老凹坝、沙包、王家寨、水东等乡镇和雍熙镇部分，嘉禾里包括鬃岭、阳长、百兴、曙光和雍熙镇部分，仁育里包括维新、姑开大部，平远州育仁里包括张维和百兴部分。二十二年（1683），改黔西、平远为州，隶大定府，同时复置水西宣慰司和阿武长官所，二十六年（1687），改大定府为州，与黔西、平远同隶威宁府，三十七年（1698），裁撤水西宣慰司与阿武长官所，雍正八年（1730），复改大定为府，威宁为州，与黔西、平远、毕节同隶大定。今纳雍为大定府亲辖地。十一年（1733）置水城厅，以府辖永顺、常平二里属之（后又割平远州崇信、时丰、岁稔三里），今纳雍猪场、新房乡部分（属永顺里）亦由大定府亲辖地划归水城厅领属。民国3年（1914），废府置县，大定府改为大定县，原大定府亲辖地划为9个区，今纳雍大部属西一、二、三区，西一区区公所驻大定对江屯，辖今纳雍乐治、老凹坝、沙包等乡镇和王家寨镇部分；西二区区公所驻大兔场，辖今雍熙镇、鬃岭、阳长、百兴等乡镇、王家寨镇部分；西三区区公所驻大定以列猫场，辖今纳雍维新、龙场、姑开、治昆等乡镇。民国13年（1924），大定县调为11个区，今纳雍大部分分别属于西一、二、三、四区，西一、二区不变，西三区区公所驻地未动，改辖今董地、化作乡和龙场镇大部，西四区区公所驻小兔场（今维新），辖今维新、东关、姑开、羊场、锅圈岩、昆寨、左鸠戛、寨落等乡镇以及龙场镇大部、猪场乡一部。民国17年（1928），大定县调整为20个区，今纳雍大部分别属于四、五、六、七区。西四区区公所驻大龙场（今龙场镇），辖今龙场、寨落、董地等乡镇；西五区区公所驻大兔场，辖今雍熙镇、王家寨、乐治、沙包、勺窝等乡镇和张家湾镇部分；西六区区公所驻白泥屯（今百兴），辖今阳长、鬃岭、曙光等乡镇和百兴镇大部；西七区区公所驻小兔场，辖今维新、厍东关、董地、化作、昆寨、左鸠戛、姑开、羊场、锅圈岩等乡镇和猪场一部。民国20年（1931），大定县调为10个正区10个副区，纳雍大部属于六、七、八区及其副区。六区区公所驻大兔场，辖原西五区之地，副区白泥屯，辖原西六区之地；七区区公所驻小兔场，辖维新、厍东关、化作、董地，副区驻锅圈岩马场，辖今姑开、羊场、锅圈岩等乡；第八区区公所驻大定以列猫场，副区驻大龙场，辖原西四区之地。民国25年（1936），大定县并为9个区，纳雍大部属五、六、七区。五区区公所驻大兔场，辖今乐治、沙包、雍熙、勺窝、王家寨、阳长、鬃岭、曙光、百兴等乡镇；第六区区公所驻大定以列猫场，在纳雍辖原第八区副区之地；第七区区公所驻小兔场，辖原七区正副区之地。民国三十年（1941年），以大定县西5区及水城、织金、郎岱部分地置县，属贵州省第四行政督察区。1950年隶属毕节专区，1970年隶属毕节地区，2011年毕节地区升级为毕节市，隶属于毕节市。,1950年隶属毕节专区，1970年隶属毕节地区，2011年毕节地区升级为毕节市，隶属于毕节市,-
织金县,"[贵州省, 毕节地区]",522425,3,del,织金县历史沿革编辑织金县县境在商、周时属鬼方，春秋时属牂牁国，战国时属大夜朗国。秦时属巴郡汉阳县，汉属益州牂牁郡，蜀汉时属南中牂牁郡平夷县，蜀汉后期属罗甸国。晋时属宁州牂牁郡地，成汉时属宁州平夷郡，后秦时属宁州夜郎郡，宋齐时属宁州平蛮郡。梁、陈时属宁州羁縻州。唐时属罗甸国，宋时属绍庆府腪州。元时属八番顺元宣慰司亦溪不薛地的雷坡、磨坡、高桥、市北洞长官司，明洪武五年（1372年）升贵州宣抚司为贵州宣慰府，宣慰府时属四川布政使司。永乐十一年（1413年），置贵州布政使司，贵州宣慰府属之，期间县境为其辖地。崇祯三年(1630年)，改贵州宣慰司为水西宣慰司。清康熙五年（1666年），以水西宣慰司下辖的陇胯、的都、朵里、阿架四则溪之地始建平远府，将则溪划编里甲。康熙二十二年（1683年），将水西宣慰司下辖四府大定、黔西、平远、威宁四府调整为大定、威宁二府，平远府和黔西府均降府为州属大定府。康熙二十六年（1687年）降大定府为州，大定、平远、黔西同属威宁府。雍正七年（1729年）威宁府降为州，大定州升府，威宁、平远、黔西三州及毕节县同属大定府，雍正十年（1732年）因水城开采铅矿置水城厅，乾隆四十一年（1776年）将平远州下辖岁稔、时丰、崇信划归水城厅，自此平远州下辖慕恩、太平、向化、怀忠、兴文、敦仁6里直到民国时期。民国二年（1913年）废府、州建制，平远州改为平远县，同时废里甲设区，下辖6里改为9个区。民国三年（1914年）改平远县为织金县，属黔西道。民国四年（1915年）将原划归水城崇信里的鲊瓦鸡场、白泥塘、狸聋、吹聋、格戛、住乌、扈家河划归织金县。民国二十四年（1935年）底全省划为11个行政督察区，织金县属第二行政督察区（安顺），民国二十六年（1937年）全省再次调整行政区划，织金县属第四行政督察区（毕节）。民国三十年（1941年）第四行政督察区设置纳雍县，将织金西部部分地区划归纳雍县。民国三十一年（1942年），织金和纳雍两县定县界，自此织金所辖区域基本定形至今。1949年12月织金解放，隶属毕节区行政督察专员公署。1970年毕节专区改为毕节地区，织金隶属之。2011年底撤销毕节地区和县级毕节市设立地级毕节市，织金县属毕节市。1996年，织金县辖11个镇、13个乡、8个民族乡，2007年末，辖11个镇、13个乡，8个民族乡，555个行政村、27个居委会。2013年7月29日，织金县金凤、双堰、文腾、八步、绮陌、三甲6个街道办事处正式挂牌成立，撤销城关镇，设置金凤、双堰、文腾3个街道办事处；撤销八步镇，设置八步街道办事处；撤销绮陌乡，设置绮陌街道办事处；撤销普翁乡、三甲乡，合并设置三甲街道办事处；撤销猫场镇、营合乡，设置新的猫场镇。2016年1月22日，撤销马场乡、少普乡、熊家场乡、白泥乡、黑土乡、板桥乡、中寨乡建制，分别设置马场镇、少普镇、熊家场镇、白泥镇、黑土镇、板桥镇、中寨镇，撤乡设镇后行政区域和政府驻地不变。,2011年底撤销毕节地区和县级毕节市设立地级毕节市，织金县属毕节市,-
沿河土家族自治县,"[贵州省, 铜仁市]",520627,3,add,沿河土家族自治县历史沿革编辑沿河，春秋时属巴国南疆一部分。战国属楚，一度入秦。秦代属黔中郡。西汉先属酉阳县，后属涪陵县，东汉分属涪陵县和永宁县。蜀汉在县地置汉复县，沿河县分属汉复县和万宁县。晋太康元年（280年）涪陵郡治所移往汉复（今沿河洪渡），咸和三年（328年），涪陵郡“地殁蛮僚”。北周保定四年（564年），涪陵蛮帅田思鹤以地附周。宣政元年（578年），沿河地置费州。沿河在北周分属黔州和费州。隋开皇十九年（599年），招慰蛰僚奉诏置务川县，治地在今沿河县城东岸。唐《元和郡县志》载：“内江水，一名涪陵水（乌江），在县西四十步，因川为名，曰务川县。”唐武德元年（618年），黔州招慰使冉安昌以务川县当牂牁要道，请置郡抚之，武德四年（621年），于县地置务川郡，旋改为务州，领务川、扶阳、涪川三县，以冉安昌为刺史。贞观四年（630年）改务州为思州。天宝元年（742年）改思州为宁夷郡，领务川、思王、思邛三县。乾元元年（758年）复名思州。唐思州治地一说在今沿河县城东岸，与务川县城同城，二说在今沿河县城北城子上。宋初沿唐制，把不能派流官统治的经制州列为化外州，设置羁縻州委任土官管理。太平兴国元年（公元976年）派都虞侯赵延浦任思州刺史，土著田氏族人不宾附，朝廷将思州等列为化外思，改经制州为羁縻州，委派土著首领管理。大观元年（公元1107年），田祐恭请求内附，愿为王民。政和八年（公元1118年）朝廷以其地置思州，领务川、邛水、安夷三县。将思州、务川县治徙于北部荷叶坪，后又移到原都濡县治所，州、县同城。务川县治沿河历519年，思州治沿河历497年。南宋、元、明、清时期沿河县城均为土司驻地。元置沿河祐溪长官司，治今沿河县城西岸，沿河司直到民国三年才改为沿河县。唐武德二年（公元619年）于沿河北部置洪杜县，隶属于黔州，以境内洪杜山得名，宋嘉祐八年（公元1063年）废洪杜县，洪杜县从置至废历444年。民国三年于县北置后坪县，民国三十年（公元1941年），撤销后坪县，以金竹山以东并入沿河县，以西并入务川县。民国三十一年（1942年）贵州省政府调整县域时，撤后坪县并入沿河县和务川县，形成今沿河县域，总面积2468.8平方千米。1934年，沿河县谯家土地湾建立了黔东特区革命委员会，在沿河县内建立10个区、30个乡苏维埃政府。1949年12月29日沿河解放。,-,-
德江县,"[贵州省, 铜仁市]",520626,3,add,德江县建制沿革编辑禹贡时属荆梁二州南徼外地鬼方地域，荒裔。秦立郡县制，属黔中郡。汉先属武陵郡酉阳县地，后属武陵郡永宁县地，高帝五年（公元前202年），改黔中郡为武陵郡，属酉阳县地。高帝六年（公元前201年），析巴、蜀二郡地置广汉郡。巴郡领县十一，郡治江州（今四川巴县西），其中涪陵县，新莽时改名巴亭，东汉复称涪陵，县治为今重庆彭水，郡属西南，包有今道真、务川、沿河、德江。武帝时改梁曰益州，益州凡八郡。广汉郡又分割，德江西北地划入巴郡，东南地划入牂柯郡。三国时，吴以思州分置黔阳县，思南为黔阳县地，与酉阳又有隶属。西晋仍属涪陵郡万宁县地，隶梁州。晋武帝泰始二年（公元266年），分益州地置梁州，领汉中、梓潼、广汉、新都、涪陵、巴、巴东、巴西八郡。东晋时属武陵郡地。永嘉后（公元307年），地没蛮夷，经二百五十六年。南朝刘宋时，属武陵郡地。宋孝武帝孝建元年（公元454年），恶荆州强大，甲兵尽聚，分荆州之江夏、竟陵、随、武陵、天门，湘州之巴陵，江州之武昌，豫州之西阳共八郡置郢州，治江夏汝南县。武陵郡改隶郢州，领县不变。北周时，先属奉州地、费州地，后属黔州地。梁简文帝大宝元年（公元550年），武陵王萧纪于巴郡置楚州，领巴郡、涪陵郡、东岩岩渠都。不服梁、陈，政令不能达。周武帝保定四年、陈天嘉五年（公元564年），涪陵豪长（蛮帅）田思鹤以地附周，周以涪陵地置奉州，不带郡领县（德江属奉州地）。周武帝建德三年、陈宣帝太建六年（公元574年），改奉州曰黔州，又于故枳城立涪陵镇，北周未派官治。周宣帝宣政元年、陈太建十年（公元578年），信州总管龙门公裕王宇文述、招慰生僚王元殊多质等，以其地遥置费州（德江属费州地），治在涪川（今县境潮砥官宅坝），亦曰涪川郡。后废费州，并入黔州。隋先属黔州涪川县地，后属巴东郡扶阳县地。隋文帝将地方行政区划统一为州、县两级，隋炀帝改州为郡，仍为两级制。初承北周费州，不带郡领县，后废。开皇五年（公元585年）于废费州地置涪川县（今德江、思南之间地），属黔州。唐初属巴东之扶阳县地、改属务州、思州地，后属费州之扶阳县地。武德二年（公元619年）招慰使冉安昌以务川当牂柯、夜郎要路，请置郡以抚之，复以隋巴东的务川县置务州，州治务川县地。武德四年（公元621年），以隋巴东郡地务川、扶阳、涪川合置务州，又招慰生僚置城乐县（今凤岗），属务州。贞观元年（公元627年）二月，分天下为十五道，以务州隶属江南道，县有增省。四年（公元630年），改务州曰思州，以界内思邛水为名，逐年县有所减。五代属费州地，后晋高祖石敬瑭天福五年（公元940年），牂柯张万睿率思州、费州等七州皆附于楚王马希芜。蛮夷长据其地，先附楚后附蜀。宋初属黔州领内羁縻州地，后属思州务川县地。宋初全国分为十三道，乾德以后改道为路。太平兴国四年（公元979年）划分全国为二十一路。至道三年（公元997年），调整为十五路。元丰间，又改为二十路，路下设府、州、军、监。思南府，宋初为羁縻州。徽宗大观元年（公元1107年），土族首领藩部长田佑恭入朝内附（愿为王民），分黔州复建思州，属夔州路，较唐时思州为大，州治今地俟地（之前，德江、沿河、印江、思南、务川等地为土族所据，未达王化）。大观元年，番部长田佑恭内附，始建思州治。政和七年（公元1117年），移思州治于故都濡之地，沿旧治名务川县（德江属务川县）。政和八年（公元1118年）置思州领务川、邛水、安夷三县。徽宗宣和四年（公元1122年），思州及领县废，并入彭水县，务川县降为务川城，邛水县、安夷县各降为堡，仍属黔州。元属思州水特姜长官司地。至元十二年（公元1275年），思州田氏降，置沿江安抚司，隶思州军民宣抚司，寻自龙泉坪徒宣抚司治于清江郡，改称故思州治为思南，隶湖广行省。至元十四年（公元1277年），思州土族首领夷长田景贤以地降元，置新军万户府。明属思南府水德江长官司地。洪武四年（公元1371年）六月十三日，思南宣慰司地改隶四川行省，领县三（安化、务川、印江）、长官司（蛮夷、沿河佑溪、朗溪。万历三十三年（公元1605年）九月二十一日，从贵州巡抚郭子章、巡按金忠士请，水德江长官司改置为安化县，属思南府附郭。德江县明洪初置水德江长官司和洪安化剂长官司，属思南宣慰司。二十六年省洪安、化剂长官司。永乐十二年以水德江长官司属思南府。万历三十三年改水德江长官司为安化县，府属附廓。清属贵州布政司思南府安化县地。清光绪六年（公元1880年）八月二十六日，贵州巡抚岑毓英奏移铜仁县于江口、安化县于大堡（今德江县城），八年正式迁移安化县于今德江县城。民国时期，德江县疆域基本确定。民国二年（公元1913年）安化县改隶贵州镇远道。二月二十三日，呈请改制方案经内务部核准，从九月开始施行，民国三年（公元1914年）一月十二日公布，撤思南府，改安化县曰德江县（因查湖南省有安化县，乃以乌江在县境一段俗称德江而改德江县），属黔东道。十二月二十七日，德江、凤岗、印江、沿河、务川等县按省定方案互拨插花地，各县疆域初步确定。民国六年（公元1917年），德江县南二区（宽坪）划拨思南管辖。十二年（公元1923年），废镇远道，德江县直隶省辖。民国二十年（公元1931年）二月二十八日，德江、思南、印江、凤岗、石阡五县勘查边境插花地段。民国二十四年（公元1935年）六月，德江划隶第六行政督察区，专员公署驻思南。民国三十年（公元1941年）九月十六日，德江、思南、印江、凤岗、石阡互拨插花地；十二月二十五日，德江、沿河勘划边界。民国三十一年（公元1942年）五月二十八日，德江、务川两县勘定边界。民国三十三年（公元1944年）德江县改隶铜仁督察区。解放后，1955年9月29日，思南七八山、三合场两乡划归德江县管辖。至此，德江县界完全定界至今。,-,-
印江土家族苗族自治县,"[贵州省, 铜仁市]",520625,3,add,印江土家族苗族自治县建制沿革编辑印江土家族苗族自治县地名由来印江之名源于唐开元(713—741)，唐代初期在这片土地上建立了“思王县”、“思邛县”，明弘治七年改设“印江县”，1986年经国务院批准，建立“印江县”。相传从“邛江”改为“印江”，是个有趣的故事，据说当年地方官员向皇帝呈报印江政况，皇帝一时没注意，把“邛”字认做“印”字，脱口而出。天子发话，金口玉言，于是中国历史写进了一个“印江”。印江土家族苗族自治县历史沿革唐武德三年（620），建立思王县，治今县境东部，开元四年（716）置思(7张)天宝元年（742），思王、思邛县隶宁夷郡。五代时属黔州。 宋废思王、思邛2县，设朗洞和思堡，为思州地。建炎元年（1127），改隶夔州路。建隆元年（960）废思邛县为邛水县。元代，印江为思州军民安抚司地，境内建思邛江、朗溪、厥册三长官司。建至元二十一年（1284）改隶顺元路，至元二十九年（1292），改隶湖广行省。明初为厥册蛮夷长官司，保持朗溪、思邛江长官司。洪武年间改厥册蛮夷长官司为朗溪蛮夷长官司。明弘治七年（1494），废思邛江长官司、朗溪司，设立印江县。清道光十年（1830），废朗溪蛮夷长官司，并入印江县。民国二年（1913），隶属贵州省黔东道。民国十四年（1925），废黔东道，由省直管。民国二十四年（1935），隶属贵州省第六行政区。民国三十二年（1943），隶贵州省第六行政督察区。民国三十六年（1947），隶黔东南师管区所辖。1949年，设立印江县。1986年12月13日经国务院批准，撤销印江县，设立印江土家族苗族自治县，原行政区域不变。1992年被国务院列为内陆对外开放县。,-,-
思南县,"[贵州省, 铜仁市]",520624,3,add,思南县建制沿革编辑春秋战国，先属巴国南境，后属楚巫黔中地。秦，隶黔中郡，汉属巴郡涪陵县。汉末，分涪陵县地置永宁县，治今思南。晋，万宁县仍殊涪陵郡，郡治汉复县。北周武帝宣政八年（578年），以万宁县地置费州，亦名涪川郡。开皇五年（585年），于费州地置涪川县（思南）。贞观四年（630年），分思州的涪川、扶阳2县置费州。贞观八年割思州的多田、城乐2县来属。天宝元年（742年），改费州为涪川郡。乾元元年（758年），复名费州，州治涪川县（今思南）。宋大观元年（1107年），田祐恭归顺，又置思州。宣和三年（1121年），废思州。绍兴二年（1131年），务川县辖今思南县地。元至元十五年（1277年），称清江城为思州，而称故思州为思南。至元二十九年（1292年），改思州安抚司为军民宣抚司，隶湖广行省。至正二十二年（1362年），改思南宣慰司，思州分为二。明洪武四年（1371年），思南宣慰司改隶于四川行省。明洪武六年（1373年），升思南宣慰司为思南道宣慰使司，隶湖广布政司。明洪武二十二年（1389年），移治水德江（思南），至此思南道宣慰使司治所。永乐十一年（1413年），废思州、思南宣慰司，置思南等4府，属贵州布政司。顺治十六年（1659年），领安化（原为思南府城郭，光绪八年迁大堡）、务川、印江3县及沿河佑溪、朗溪、蛮夷3长官司和随府办事长官司。康熙二十年（1681年），思南府属贵东道。乾隆七年（1742年），改属古州兵备道。嘉庆八年（1803年），废随府办事司。道光十七年（1837年），增设红丝塘巡检1员。道光二十一年（1841年），废蛮夷长官司。民国三年（1914年），思南府改为思南县，隶黔东道。民国十二年（1925年），废黔东道，思南由省直管。民国二十四年（1935年），隶属贵州省第六行政督察区，次年改隶铜仁地区。民国二十六年（1937年），改隶镇远专区。民国三十二年（1943年），隶属铜仁专区。1949年以后隶属铜仁专区，1970年属铜仁地区，2011年11月，属铜仁市。,1949年以后隶属铜仁专区，1970年属铜仁地区，2011年11月，属铜仁市,-
石阡县,"[贵州省, 铜仁市]",520623,3,add,石阡县建制沿革编辑(7张)秦始皇帝二十八年（公元前219年），置夜郎县于今县境西部，属象郡。汉代，属夜郎国、牂牁郡地。梁武帝天监年间，置建昌县，侯景叛乱后，侨置夜郎郡，隶武州。隋开皇元年，废南阳郡置寿州于石阡。开皇十八年，改寿州为充州。唐武德三年，复置充州。武德四年，重置夜郎县。唐贞观四年，置夷州。宋大观三年，复置都上县。元世祖至元年间，置石阡军民长官司于今治所。明永乐十一年（公元1413年），置石阡府，分辖龙泉县及石阡、苗民、葛彰葛商3个长官司。清顺治十六年，仍领上述1县3长官司。康熙二年，废葛彰葛商长官司。乾隆七年三月，石阡府分设7里。民国元年，辛亥革命爆发，中华民国建立，初沿袭清制。民国二年，贵州设立都督府和行政公署，实行军民分治。民国五年，公署知事将全县划分为6个区，石阡县分为10个区。民国十六年，直属贵州省。民国十六年，国民政府下令改县公署为县政府，石阡县为二等县。民国二十四年，国民党改组贵州省政府，实行行政督察区，石阡划归铜仁行政督察区。民国二十七年，重新调整行政区域，民国三十二年，石阡实行新县制，设置乡镇保甲。1949年10月1日，中华人民共和国成立，1949年11月15日，石阡解放，石阡县人民获得了新生。1950年2月8日，石阡县人民政府成立，随即将民国时期18乡镇划为3个区分辖，设立区公所。7月，改置3区为6区1镇。1951年2月，改置汤山镇为城关区，同年将区公所改称为区人民政府。1953年，缩小乡、村行政管理范围，将石阡县划为80乡1镇，区治不变。1956年1月，中共石阡县第五次党代会作出决定，进行并乡工作。1961年，撤区并社，将7个区改为区级人民公社，45乡镇为管理区。1962年，恢复区的设置，设6个区调整公社为27个。1963年，恢复7个区治，将27个公社增至43个。1967年3月29日，石阡开始“文化大革命”。1967年4月2日，“石阡县革命委员会”成立。1970年起，属铜仁地区至今。石阡县地理环境编辑石阡县境域石阡县铜仁市西南部，横跨东经107°44′55″~108?33′47″，北纬27°17′5″~27?42′50″，思剑高速公路纵贯县境南北、江瓮高速公路横穿县境东西，面积为2173平方公里。石阡县地貌石阡县地处湘西丘陵向云贵高原过渡的梯级大斜坡地带，石阡县境内山峦起伏，沟谷纵横，东南高、西北低，岩溶地貌明显。石阡县气候石阡县属中亚热带湿润季风气候区，日照充足，气候温和，雨量丰沛，暖湿共节，无霜期长。,-,-
玉屏侗族自治县,"[贵州省, 铜仁市]",520622,3,add,玉屏侗族自治县历史沿革编辑明置平溪堡，清置玉屏县。县城位于舞阳河南岸。县以舞阳河水清似玉，隔河山峰耸立如屏，故名。元为平溪等处蛮夷长官司。明洪武二十三年（1390年）置平溪卫，属湖广都司；万历二十九年（1601年）还隶湖广。清雍正五年（1727年）平溪卫改隶贵州；同年改平溪卫为玉屏县，属思州府。民国二年（1913年）属黔东道；十二年（1923年）直属于贵州省；二十四年（1935年）属第九行政督察区；二十五年（1936年）属第六行政督察区；二十六年（1937年）属第一行政督察区；三十年（1941年）将省溪县部分并入；三十二年（1943年）属第六行政督察区。1950年属铜仁专区，1958年撤销玉屏县，并入铜仁县，1961年恢复玉屏县，1984年11月7日成立玉屏侗族自治县。,-,-
江口县,"[贵州省, 铜仁市]",520621,3,add,江口县建置沿革编辑江口地域最早初形于春秋战国，属楚黔中。战国属秦黔中郡义陵县。汉高祖五年（公元前202）改秦黔中郡为武陵郡，隶荆州，属武陵郡无阳县。王莽建国，号“新”，改武陵郡为建平郡。东汉复称武陵郡，并无阳县入辰阳，江口属辰阳县。刘宋时期，宋孝武帝建元年（454）至齐，江口仍属辰阳县。南朝梁天监元年（502），肖衍称帝，国号“梁”，江口属武州南阳郡建昌县。陈永定元年（557），陈霸先称帝，国号“陈”，废建昌县，江口属南阳郡。隋朝文帝开皇元年，废南阳郡，于其地置寿州。十八年（598），改寿州为充州，大业初废充州，并其地入辰州改为沅陵郡，废静人县入辰溪县，江口属沅陵郡辰溪县。唐天宝三年（744）江口属辰水县，隶充州，后唐江口属蜀黔州。后晋高祖天福五年（940）牂牁蛮首领张万浚率所属思夷等州归附于楚，江口属楚思州。南唐时期，攻楚，楚王马希崇降，江口属南唐。宋高宗绍兴二年（1132）分荆湖路为荆湖南北两路，北路领沅州、清州，江口属沅州麻阳县，淳熙八年（1181）杨再西率其子政强领士兵开发省溪、宙逻、铜仁大小两江等地。元置省溪，提溪长官司。明永乐二十年（1414年）改隶铜仁府并延至清朝。清雍正五年（1727）“改土归流”，设省溪吏目1员，吏目署驻大江口（今双江镇）。光绪六年（1880）清廷准贵州巡抚岑毓英奏，移铜仁县治于大江口，江口始成县治。民国二年（1913），铜仁府改铜仁县，将原设大江口之铜仁县更名为江口县，属黔东道。十二年（1923）废道，各县均直隶省。二十四年（1935），省分设行政督察区，江口县属第九行政督察区，专员公署驻铜仁。之后，行政督察区番号屡经更易，但体制未变。县辖村寨小有调整，但基本格局未动，一直维持至1949年。1949年11月13日，江口解放。1950年3月1日，县人民政府成立。1958年12月，经国务院批准，江口、玉屏两县并入铜仁县。1961年，江口、玉屏、铜仁3县分治，江口县辖区不变。,-,-
毕节市,"[贵州省, 毕节地区]",522401,3,del,毕节历史沿革编辑毕节所依附的云贵高原，是在新生代第四纪的喜马拉雅造山运动中强烈隆起的古大陆，对生物的生存、繁衍和进化具有特殊需要。人类在这里的活动历史，至少可以追溯到50万年前的旧石器时代。尧舜时代为有鼻国（诸侯国），有史以来第一次称国。这是毕节有史以来，第一次被命名为鼻（后有人写为鳖、毕、比等）。夏朝为梁州的南域，荆州的西邻。商末周初为卢夷之国，其君称蒸。《尚书·牧誓》记载：参加牧野之战的，西南地区有庸、蜀、羌、微、蟊、卢、彭、濮八个方国。武王伐纣时，卢夷国君长选派远征军参加了牧野（今河南省淇县南）之战，一举打败商王朝的军队，纣王自焚，商朝灭亡，周作为中国历史上第三个王朝正式建立。周末为古蜀国的南中。六国时谓之南夷，其国名叫夜郎，君长称为夜郎侯（或夜郎王）。楚王派庄豪带领精兵循沅水而上，到且兰，把船固定在岸边，下船上山进行步战。占领且兰时，夜郎王率部归降。庄豪留在滇称王后，夜郎、且兰又自立为国。夜郎的疆域有多大？《汉书》上说：“夜郎东接交趾，自西徂东奚啻千里？”《史记》上说：“西南夷君长以十数，夜郎最大。” 这就难怪会有夜郎自大的典故。秦代：公元前221年，秦始皇派常頞收夜郎地，设置夜郎、汉阳二县，并略通五尺道，从今四川宜宾经贵州毕节、威宁，云南宣威至曲靖。于汉阳境内始置邮亭，邮亭之地称平夷，即今毕节。汉阳县为今毕节市威宁、赫章、七星关区、纳雍、大方等地。秦亡，县废，夜郎复国。西汉：汉武帝建元六年（前135），夜郎侯多同降于汉，汉析夜郎属地置犍为郡，复设汉阳县。元鼎六年(公元前111)，夜郎国灭，分犍为置牂柯郡，将犍为郡的汉阳县析出今毕节市七星关区、纳雍、大方等地，设置平夷县（治今七星关区），归属牂牁郡管辖，平夷从此成为县治机构。东汉：公元215年，以原犍为属地置朱提郡，汉阳属之。三国：公元221年，昭烈帝刘备置庲降都督府于平夷县，治今七星关区，以总摄南中益州、犍为、牂牁、朱提四郡，平夷遂成为蜀国之要塞重镇，驻重兵把守。晋代：永嘉五年（311），将平夷县改平夷郡，治平夷（今七星关区），领平夷、敝邑（今遵义境）县，平夷遂为郡治。晋安帝元兴三年（404），改平夷郡为平蛮郡，平夷郡所属平夷县改为平蛮县。梁代：549年，宁州土人爨瓒反，朱提郡为瓒所据，平蛮、汉阳等县皆荒废。均为爨氏之卢鹿部。隋代：584年，以朱提郡置恭州，汉阳属之（今毕节地区部分在其境内）。唐代：670年，在平夷置禄州，隶黔都督府。置汤望州。697年，置宝州（今威宁县东北）、袭州（一作袭州，今黔西县西）、义州（今金沙县）、郝州（今大方县南）、晖州（今织金县北）、犍州（今大方县东北），皆为羁縻州。宋代：宋庆历（1041～1048年）初增置姚州，为羁縻州。宋末，诸州皆废，东部为罗氏鬼国地，西境为乌撒部。元代：元初，于平迟（今七星关区）设平迟长官所，同时置毕节驿。元至元十三年（1276）置乌撒路，十五年置乌撒军民总管府（今威宁、赫章），十六年置罗氏鬼国安抚司，十七年改罗氏鬼国安抚司为顺元路宣抚司，十九年置顺元路宣慰司。二十年置亦奚不薛宣慰司（今大方）。二十一年改乌军民总管府为军民宣抚司，二十四年升乌撒宣抚司为乌撒乌蒙宣慰司，隶云南行省，辖乌撒、阿头、易溪、易良、乌蒙、閟畔6部。今市境威宁、赫章等地为乌撒部。二十九年并顺元、亦奚不薛、八番罗甸三宣慰司为八番顺元宣慰司兼都元帅府，治今贵阳，领顺元路军民宣抚司，管番民总管及金竹、定远二府，9安抚司。大德七年（1303年）罢亦奚不薛宣慰司及诸路土官，徙顺元宣抚司于亦奚不薛。至治、泰定间（1321～1328年）降顺元路军民宣抚司为安抚司。明代：明洪武五年（1372）贵州宣慰使郑彦文及土官霭翠叔禹党、宣慰宋蒙古歹等内附，置贵州宣慰司（治今贵阳）。霭翠自领水西，分中水、下水、底水三路土官，十二宗亲（后为十二则溪）四十八土木管其地。1381年，置乌撒土府，隶云南布政司。1382年，置乌撒卫（今威宁），隶云南都指挥使司。1383年二月，置毕节卫，隶贵州都司，更乌撒府为乌撒军民府，改隶四川布政司。置七星关守御千户所隶乌撒卫。1388年，置层台卫。1389年，置赤水卫。置永宁宣抚司。1390年，置普市千户所，分水西地置威清卫。1394年，置阿落密千户所，隶赤水卫。废层台卫。置赤水卫前千户所。1413年，明成祖朱棣在贵州置布政使司，贵州正式成为行省，毕节自此属贵州省管辖。1414年，七星关守御所改属毕节卫，设毕节整饬兵备道，贵州按察司副使驻毕节。改乌撒卫隶贵州都司。1523年，令分巡贵宁道兼兵备驻毕节，管辖乌撒、毕节、赤水、永宁4卫。1528年，敕贵州威清兵备副使改驻毕节地方，兼制云南沾益州，四川乌蒙(今云南昭通市)、乌撒、东川、镇雄4府并永宁宣抚司。1635年，分水西地为12州，旋废，仍置水西宣慰司。清代：清康熙三年（1664）平水西安坤。四年（1665）设分巡毕节道。于比那城置平远府，领胧胯、的都、朵你、要架4则溪地；于大方城置大定府，领法戈（化齐）、火著、木胯、架勒4则溪地；于水西城置黔西府，领以著、则窝、雄所3则溪地，隶贵宁道（后改贵西道）。裁乌撒卫置威宁府，治卫城，设威宁镇总兵，隶贵州。二十二年改黔西、平远2府为州，隶大定府。二十六年降大定府为大定州；裁毕节卫置毕节县，省赤水卫入毕节县；并永宁卫、普市千户所置永宁县。黔西、大定、平远3州及毕节、永宁二县俱隶威宁府。雍正五年（1727）划永宁县归四川。七年（1729），划赤水河北岸地入四川永宁县，析永宁县赤水河南岸入毕节；升大定州为府，降威宁府为威宁州，黔西、平远、威宁3州隶大定府；贵西道驻毕节，管辖安顺、遵义、大定、南笼（今安龙县，嘉庆二年改名兴义）四府；划威宁州后所归云南宣威，以可渡河桥为云贵省界。十一年置水城厅，驻大定府通判。光绪三十四年裁贵西道，改巡警道，移驻贵阳。民国：1913年1月，废府、州、厅置县。4月，置黔西道，治毕节县。辖毕节、安顺、普定、清镇、镇宁、郎岱、平坝、紫云、南笼、普安、兴义、兴仁、关岭、安南、贞丰、册亨、盘县、大定、威宁、黔西、平远（1914年改为织金）、水城、赤水等23个县。1914年6月，黔西道改名贵西道，治安顺县。1917年徙治毕节县。1923年废道，所有县均直隶于省。1935年6月于毕节设第四行政督察区，领毕节、水城、威宁、大定、黔西5县。1937年划织金县入第四行政督察区。1941年析黔西县东北部置金沙县；析大定县西部5区及织金县西部地置纳雍县。1942年析威宁县东部赫章、可乐、野马川、财神堂4区置赫章县。新中国成立后：1950年置毕节专区，辖毕节、大定、金沙、黔西、织金、纳雍、威宁、赫章、水城9县。1954年改威宁县为彝族回族苗族自治区。1955年改威宁彝族回族苗族自治区为彝族回族苗族自治县。1958年改大定为大方县。1966年析水城县大河等10公社置水城特区，属西南煤炭建设指挥部。1970年划水城县归六盘水地区。毕节专区改称毕节地区。辖毕节、大方、黔西、金沙、织金、纳雍、赫章7县和威宁彝族回族苗族自治县。1988年6月，经国务院批准建立毕节“开发扶贫、生态建设”试验区。1992～1993年建镇并乡撤区后，全地区撤销原县与乡之间的89个区镇建制，改原736个乡镇为250个乡（镇、办事处），其中：97个镇，147个乡，6个街道办事处。1994年毕节县撒县设市（县级），乡（镇、办事处）未作调整。1995年金沙县撤销岚头乡，设立岚头镇。至此，毕节地区辖98个镇，146个乡，6个办事处。2011年，国务院批准撤销毕节地区设立地级毕节市。毕节市设立七星关区，以原县级毕节市的行政区域为七星关区的行政区域。毕节市辖大方县、黔西县、金沙县、织金县、纳雍县、赫章县、威宁彝族回族苗族自治县和新设立的七星关区。毕节市人民政府地图,2011年，国务院批准撤销毕节地区设立地级毕节市,撤地区设市
毕节地区,"[贵州省, 毕节地区]",522400,3,del,毕节历史沿革编辑毕节所依附的云贵高原，是在新生代第四纪的喜马拉雅造山运动中强烈隆起的古大陆，对生物的生存、繁衍和进化具有特殊需要。人类在这里的活动历史，至少可以追溯到50万年前的旧石器时代。尧舜时代为有鼻国（诸侯国），有史以来第一次称国。这是毕节有史以来，第一次被命名为鼻（后有人写为鳖、毕、比等）。夏朝为梁州的南域，荆州的西邻。商末周初为卢夷之国，其君称蒸。《尚书·牧誓》记载：参加牧野之战的，西南地区有庸、蜀、羌、微、蟊、卢、彭、濮八个方国。武王伐纣时，卢夷国君长选派远征军参加了牧野（今河南省淇县南）之战，一举打败商王朝的军队，纣王自焚，商朝灭亡，周作为中国历史上第三个王朝正式建立。周末为古蜀国的南中。六国时谓之南夷，其国名叫夜郎，君长称为夜郎侯（或夜郎王）。楚王派庄豪带领精兵循沅水而上，到且兰，把船固定在岸边，下船上山进行步战。占领且兰时，夜郎王率部归降。庄豪留在滇称王后，夜郎、且兰又自立为国。夜郎的疆域有多大？《汉书》上说：“夜郎东接交趾，自西徂东奚啻千里？”《史记》上说：“西南夷君长以十数，夜郎最大。” 这就难怪会有夜郎自大的典故。秦代：公元前221年，秦始皇派常頞收夜郎地，设置夜郎、汉阳二县，并略通五尺道，从今四川宜宾经贵州毕节、威宁，云南宣威至曲靖。于汉阳境内始置邮亭，邮亭之地称平夷，即今毕节。汉阳县为今毕节市威宁、赫章、七星关区、纳雍、大方等地。秦亡，县废，夜郎复国。西汉：汉武帝建元六年（前135），夜郎侯多同降于汉，汉析夜郎属地置犍为郡，复设汉阳县。元鼎六年(公元前111)，夜郎国灭，分犍为置牂柯郡，将犍为郡的汉阳县析出今毕节市七星关区、纳雍、大方等地，设置平夷县（治今七星关区），归属牂牁郡管辖，平夷从此成为县治机构。东汉：公元215年，以原犍为属地置朱提郡，汉阳属之。三国：公元221年，昭烈帝刘备置庲降都督府于平夷县，治今七星关区，以总摄南中益州、犍为、牂牁、朱提四郡，平夷遂成为蜀国之要塞重镇，驻重兵把守。晋代：永嘉五年（311），将平夷县改平夷郡，治平夷（今七星关区），领平夷、敝邑（今遵义境）县，平夷遂为郡治。晋安帝元兴三年（404），改平夷郡为平蛮郡，平夷郡所属平夷县改为平蛮县。梁代：549年，宁州土人爨瓒反，朱提郡为瓒所据，平蛮、汉阳等县皆荒废。均为爨氏之卢鹿部。隋代：584年，以朱提郡置恭州，汉阳属之（今毕节地区部分在其境内）。唐代：670年，在平夷置禄州，隶黔都督府。置汤望州。697年，置宝州（今威宁县东北）、袭州（一作袭州，今黔西县西）、义州（今金沙县）、郝州（今大方县南）、晖州（今织金县北）、犍州（今大方县东北），皆为羁縻州。宋代：宋庆历（1041～1048年）初增置姚州，为羁縻州。宋末，诸州皆废，东部为罗氏鬼国地，西境为乌撒部。元代：元初，于平迟（今七星关区）设平迟长官所，同时置毕节驿。元至元十三年（1276）置乌撒路，十五年置乌撒军民总管府（今威宁、赫章），十六年置罗氏鬼国安抚司，十七年改罗氏鬼国安抚司为顺元路宣抚司，十九年置顺元路宣慰司。二十年置亦奚不薛宣慰司（今大方）。二十一年改乌军民总管府为军民宣抚司，二十四年升乌撒宣抚司为乌撒乌蒙宣慰司，隶云南行省，辖乌撒、阿头、易溪、易良、乌蒙、閟畔6部。今市境威宁、赫章等地为乌撒部。二十九年并顺元、亦奚不薛、八番罗甸三宣慰司为八番顺元宣慰司兼都元帅府，治今贵阳，领顺元路军民宣抚司，管番民总管及金竹、定远二府，9安抚司。大德七年（1303年）罢亦奚不薛宣慰司及诸路土官，徙顺元宣抚司于亦奚不薛。至治、泰定间（1321～1328年）降顺元路军民宣抚司为安抚司。明代：明洪武五年（1372）贵州宣慰使郑彦文及土官霭翠叔禹党、宣慰宋蒙古歹等内附，置贵州宣慰司（治今贵阳）。霭翠自领水西，分中水、下水、底水三路土官，十二宗亲（后为十二则溪）四十八土木管其地。1381年，置乌撒土府，隶云南布政司。1382年，置乌撒卫（今威宁），隶云南都指挥使司。1383年二月，置毕节卫，隶贵州都司，更乌撒府为乌撒军民府，改隶四川布政司。置七星关守御千户所隶乌撒卫。1388年，置层台卫。1389年，置赤水卫。置永宁宣抚司。1390年，置普市千户所，分水西地置威清卫。1394年，置阿落密千户所，隶赤水卫。废层台卫。置赤水卫前千户所。1413年，明成祖朱棣在贵州置布政使司，贵州正式成为行省，毕节自此属贵州省管辖。1414年，七星关守御所改属毕节卫，设毕节整饬兵备道，贵州按察司副使驻毕节。改乌撒卫隶贵州都司。1523年，令分巡贵宁道兼兵备驻毕节，管辖乌撒、毕节、赤水、永宁4卫。1528年，敕贵州威清兵备副使改驻毕节地方，兼制云南沾益州，四川乌蒙(今云南昭通市)、乌撒、东川、镇雄4府并永宁宣抚司。1635年，分水西地为12州，旋废，仍置水西宣慰司。清代：清康熙三年（1664）平水西安坤。四年（1665）设分巡毕节道。于比那城置平远府，领胧胯、的都、朵你、要架4则溪地；于大方城置大定府，领法戈（化齐）、火著、木胯、架勒4则溪地；于水西城置黔西府，领以著、则窝、雄所3则溪地，隶贵宁道（后改贵西道）。裁乌撒卫置威宁府，治卫城，设威宁镇总兵，隶贵州。二十二年改黔西、平远2府为州，隶大定府。二十六年降大定府为大定州；裁毕节卫置毕节县，省赤水卫入毕节县；并永宁卫、普市千户所置永宁县。黔西、大定、平远3州及毕节、永宁二县俱隶威宁府。雍正五年（1727）划永宁县归四川。七年（1729），划赤水河北岸地入四川永宁县，析永宁县赤水河南岸入毕节；升大定州为府，降威宁府为威宁州，黔西、平远、威宁3州隶大定府；贵西道驻毕节，管辖安顺、遵义、大定、南笼（今安龙县，嘉庆二年改名兴义）四府；划威宁州后所归云南宣威，以可渡河桥为云贵省界。十一年置水城厅，驻大定府通判。光绪三十四年裁贵西道，改巡警道，移驻贵阳。民国：1913年1月，废府、州、厅置县。4月，置黔西道，治毕节县。辖毕节、安顺、普定、清镇、镇宁、郎岱、平坝、紫云、南笼、普安、兴义、兴仁、关岭、安南、贞丰、册亨、盘县、大定、威宁、黔西、平远（1914年改为织金）、水城、赤水等23个县。1914年6月，黔西道改名贵西道，治安顺县。1917年徙治毕节县。1923年废道，所有县均直隶于省。1935年6月于毕节设第四行政督察区，领毕节、水城、威宁、大定、黔西5县。1937年划织金县入第四行政督察区。1941年析黔西县东北部置金沙县；析大定县西部5区及织金县西部地置纳雍县。1942年析威宁县东部赫章、可乐、野马川、财神堂4区置赫章县。新中国成立后：1950年置毕节专区，辖毕节、大定、金沙、黔西、织金、纳雍、威宁、赫章、水城9县。1954年改威宁县为彝族回族苗族自治区。1955年改威宁彝族回族苗族自治区为彝族回族苗族自治县。1958年改大定为大方县。1966年析水城县大河等10公社置水城特区，属西南煤炭建设指挥部。1970年划水城县归六盘水地区。毕节专区改称毕节地区。辖毕节、大方、黔西、金沙、织金、纳雍、赫章7县和威宁彝族回族苗族自治县。1988年6月，经国务院批准建立毕节“开发扶贫、生态建设”试验区。1992～1993年建镇并乡撤区后，全地区撤销原县与乡之间的89个区镇建制，改原736个乡镇为250个乡（镇、办事处），其中：97个镇，147个乡，6个街道办事处。1994年毕节县撒县设市（县级），乡（镇、办事处）未作调整。1995年金沙县撤销岚头乡，设立岚头镇。至此，毕节地区辖98个镇，146个乡，6个办事处。2011年，国务院批准撤销毕节地区设立地级毕节市。毕节市设立七星关区，以原县级毕节市的行政区域为七星关区的行政区域。毕节市辖大方县、黔西县、金沙县、织金县、纳雍县、赫章县、威宁彝族回族苗族自治县和新设立的七星关区。毕节市人民政府地图,2011年，国务院批准撤销毕节地区设立地级毕节市,撤地区设市
松桃苗族自治县,"[贵州省, 铜仁市]",520628,3,add,松桃苗族自治县历史沿革编辑1980年6月文物普查时，曾在松桃虎渡口采集到的磨光石斧及夹沙红陶片，经省博物馆鉴定为新石器时代文物遗物，这看出松桃这片土地，早在1万年至4千年前就有人类生息、繁衍。松桃，春秋战国时期属黔中，秦属黔中郡，汉至三国时期均属武陵郡，南北朝时期属郢州南阳郡，隋属源陵郡。唐太宗贞观四年（630），今县境中部置平土洞，西部置乌罗洞，录属思州。唐武后垂二年（686），以辰州麻阳县地及山洞置锦州，松桃东部属之。肃宗天宝元年（742），改锦州为卢阳郡，松桃又随属之。肃宗乾元元年（758），卢阳复名锦州，领洛浦、渭阳、卢阳、招谕、常丰5县，今松桃地属常丰县。宋太祖开宝年间（936－975），改平土洞置平头司，改乌罗洞置乌罗司。其间，西属思州东仍属锦州，徽宗政和四年（1114）在今孟溪置龙泉葛泽长官司，兼有麻阳县地，属沅州。理宗宝祐元年（1253）置平茶承化军民府，松桃中西部孟溪、平头、乌罗属之，亦属思州。(4张)元世祖至元二十四年（1287），置思州宣慰司，隶湖广行省，乌罗、平头二司归其所辖。成宗大德六年（1302），改平头司为平头著可通达等处长官司；改乌罗司为乌罗龙干等处长官司，辖龙泉葛泽长官司；改平茶承化军民府为溶江之子坪茶等处长官司（治所今秀山龙凤高秀）。均均思州军民安抚司。明太祖洪武四年（1371），改乌罗龙干等处长官司置乌罗长官司；七年（1374），改平头著可通达等处长官司置平头著可长官司，隶思州宣慰司；八年（1375），置麻兔洞（今甘龙地）隶酉阳宣慰司；十七年（1384）划出溶江芝子坪茶长官司直属四川布政司。永乐三年（1405），置答意、治古（今松桃东部）二第官司，十一年（1413）二月，废思南宣慰司，以其他置乌罗、思南、铜仁、镇远4府。乌罗府设治于乌罗长官司。同年，从酉阳宣慰司拨麻兔洞来属。此间，乌罗府隶于贵州布政司，英宗正统三年五月七日（1438、5、30），令将答意、治古2长官司永行革除，乌罗府只存3司，不足以立府，遂省乌罗府将乌罗、平头两司拨入铜仁府，拨郎溪司属思南府。清康熙四十三年八月初六日（1704.9.4），兵部议复升任云贵广西总督鄂尔泰疏言，设铜仁理苗同知置正大营厅，以铜仁府副厅长官专理苗务，雍正八年（1730）迁正大营理苗同知至长冲（今老松桃），置松桃厅。十一年（1733），松桃厅由长冲移至蓼皋山下建城（今松桃县城）。嘉庆二年（1797）十一月初三日，升松桃厅为直隶军民厅，属贵东道。以原拨给铜仁府的乌罗、平头著可2长官司回归松桃。七年（1802）设石岘卫。至道光十五年（1835），松桃直隶厅辖1卫、2司、14汛，由贵州省直接管辖。民国2年（1913），改松桃直隶军民厅为松桃县，属黔东道。民国3年，以正大营县丞辖地置正大营分县，治正大营；以四十八溪主簿辖地置四十八溪分县，治堡脚（今普觉镇），均属松桃县。民国16年（1927），令四十八溪分县移置甘龙口，改为甘龙口分县，仍属松桃县。民国24年（1935），松桃属第九行政督察区。民国25年，撤销正大营、甘龙口二分县并入松桃。民国26年，松桃县改属第一行政督察区。民国32年以后一直属第六行政督察区。又民国23年6月，贺龙领导的中国工农红军第三军（后恢复红二军团建制）在黔东开辟革命根据地，成立黔东特区革命委员会，实行土地革命，组织革命武装。8月在甘龙建立了严家坡（今麻阳乡南）区革命委员会和坝木、浑泉、麻阳、猫山、天堂、钟鼓坡、大土坪、黄泥堡、五官坝、寨地10个乡苏维埃政府。11月撤离黔东，进行二万五千里长征。1949年11月12日松桃解放，1950年3月1日，经省人民政府批准，正式建立松桃县人民政府，属铜仁地区专员公署领导。1956年9月11日，国务院全体会议第37次会议通过，撤销松桃县，改设松桃苗族自治县。1956年12月31日，松桃苗族自治县正式成立，仍隶铜仁专员公署至今。,-,-
碧江区,"[贵州省, 铜仁市]",520602,3,add,碧江区历史沿革编辑明永乐十一年（1413）置铜仁长官司、铜仁府、铜仁县。铜仁城南大小江合流处，有铜崖挺然耸立，相传渔人于河中得铜佛三尊，故名“铜人”。“人”与“仁”谐音。民国二年（1913）为铜仁县。1949年11月解放，成立县人民政府，属铜仁行政督察专员公署。1987年8月21日撤县改市。1997年，铜仁市辖4个街道、5个镇、7个民族乡：市中街道、环北街道、河西街道、谢桥街道、茶店镇、川硐镇、坝黄镇、漾头镇、云场坪镇、桐木坪侗族乡、鱼塘侗族苗族乡、大坪侗族土家族苗族乡、和平土家族侗族乡、滑石侗族苗族土家族乡、瓦屋侗族乡、六龙山侗族土家族乡。市政府驻环西路。2003年，铜仁市辖4个街道办事处、5个镇、7个民族乡，150个村委会、16个社区居委会、7个居委会。年末总人34.08万人，其中非农业人口9.06万人；少数民族人口24.95万人。2005年10月13日，经省政府批准，铜仁市调整环北街道办事处、谢桥街道办事处和漾头镇、滑石侗族苗族土家族乡部分行政区划，设立灯塔街道办事处。灯塔街道办事处辖原属漾头镇管辖的马岩村、共同村，原属滑石侗族苗族土家族乡管辖的滑塘村，原属谢桥街道办事处管辖的寨桂村、柑子冲村，原属环北街道办事处管辖的灯塔村、农田村和纸厂居民委员会。2007年末，全市总面积1513.61平方千米，总人口36.69万人，其中非农业人口12.72万人，少数民族人口26.4万人，辖5个街道、5个镇、7个民族乡，95个行政村、16个社区、5个居委会。2011年，《国务院关于同意贵州省撤销铜仁地区设立地级铜仁市的批复》（国函[2011]131号）：撤销县级铜仁市，设立铜仁市碧江区。以原县级铜仁市（不含茶店镇、鱼塘乡、大坪乡）的行政区域为碧江区的行政区域。区人民政府驻市中街道环西路93号。碧江区地理环境编辑碧江区位置境域碧江区位于贵州省的东北部，铜仁市域东部，地处贵州高原向湘西山地丘陵过渡的斜坡地带，武陵山脉主峰梵净山和湘西台地主峰雪峰山之间。其地理坐标为东经108°56′13″～109°28′20″，北纬27°32′18″～27°52′40″。全区国土面积为1012平方公里，其中城区建成面积30平方公里。碧江区水文碧江区河流属长江水系，主要有锦江。碧江区气候碧江区属于亚热带季风气候，年均温16℃，年降水量1303毫米。碧江区自然资源编辑碧江区矿藏有钾、锰、汞、磷、铅、锌、钒、石英砂、重晶石、硅、玉石、白云石、石灰石等。,2011年，《国务院关于同意贵州省撤销铜仁地区设立地级铜仁市的批复》（国函[2011]131号）：撤销县级铜仁市，设立铜仁市碧江区,
七星关区,"[贵州省, 毕节市]",520502,3,add,七星关区历史沿革编辑尧舜时代为有鼻国（诸侯国）。夏朝为梁州的南域，荆州的西邻。商末周初为卢国南境。战国为夜郎国西北境。秦设汉阳县、置平夷邮亭，属蜀郡东南部地。汉武帝元鼎六年（前111）置平夷县，属牂牁郡。三国蜀汉章武元年（公元221），置平夷庲降都督府。晋建兴元年（313）置平夷郡，平夷县为郡治，东晋简文帝时改为平蛮郡、平蛮县。南北朝至隋无变。唐、宋为禄州治所。元置平迟安德长官司、毕节驿（“毕节”源于彝语“比跻”取汉文而来）。明洪武十六年（1383）置毕节卫，二十一年置层台卫、赤水卫，二十七年废层台卫。1414年，设毕节整饬兵备道，贵州按察司副使驻毕节。1523年，令分巡贵宁道兼兵备驻毕节，管辖乌撒、毕节、赤水、永宁4卫。1528年，敕贵州威清兵备副使改驻毕节地方，兼制云南沾益州，四川乌蒙(今云南昭通市)、乌撒、东川、镇雄4府并永宁宣抚司。清康熙二十六年（1687）裁毕节、赤水2卫，改置毕节县。雍正七年（1729），贵西道驻毕节，管辖安顺、遵义、大定、南笼四府。光绪三十四年裁贵西道，改巡警道，移驻贵阳。民国，1913年1月，废府、州、厅置县。4月，置黔西道，治毕节县。1914年6月，黔西道改名贵西道，治安顺县。1917年徙治毕节县。1923年废道，所有县均直隶于省。1935年6月起，毕节县为第四行政督察区专员公署。新中国成立后，1949年12月建立贵州省毕节专区，专员公署驻毕节县。1970年，毕节专区改称毕节地区，地区行政公署驻毕节县。1993年12月10日，经中华人民共和国国务院批准，毕节县撤县建市(县级)。2003年，毕节市辖6个街道办事处、29个镇、6个民族乡，595个村委会、16个社区居委会。2007年末，毕节市辖6个街道、27个镇、8个乡（其中6个民族乡），524个行政村、20个居委会。2011年11月，国务院批准撤销毕节地区和县级毕节市，设立地级毕节市，毕节市设立七星关区，以原县级毕节市的行政区域为七星关区的行政区域。七星关区名的由来主要源于境内杨家湾镇与赫章县交界处，与娄山关、胜景关并称贵州三大名关的历史名关——七星关。蜀汉时期，诸葛亮南征孟获，曾在七星关燃灯拜祭七星，乞求上苍佑其早日平定南方，恢复汉室，统一中原。1936年2月，红六军团政治部主任夏曦在此不幸牺牲。 “七星”还寓意七星高照，吉利祥和，国泰民安，全区人民齐心协力，共创美好未来。,2011年11月，国务院批准撤销毕节地区和县级毕节市，设立地级毕节市，毕节市设立七星关区，以原县级毕节市的行政区域为七星关区的行政区域,
南溪区,"[四川省, 宜宾市]",511503,3,add,南溪区建制沿革编辑南北朝梁设南广县。隋开皇（581－600年）初废六同郡，直属戎州。隋仁寿初年（601－604年）因避太子杨广讳，改为南溪县。县初治今宜宾市翠屏区李庄镇北岸（涪溪口至桂轮场）。隋大业初年（604－617年），属犍为郡。唐乾符二年（875年），在仙源坝筑奋戎城（今南溪镇）。唐武德元年（618年），属戎州。唐天宝元年（742年），属南溪郡。唐乾元元年（758年），复属戎州。宋乾德（963－969年）中，迁治奋戎城。南溪建县前，隶属犍为郡僰道县。梁时属戎州六同郡。宋乾道六年（1170年），属叙州。元至元十八年（1281年），隶于叙州路。明清时，属叙州府。1913年，废叙州府，隶于川南道分巡。1914年，隶于永宁道分巡。1929年撤永宁道，直属四川省。1935年至1949年，属第六行政督察区专员公署。1949年12月7日南溪县解放，1950年，南溪县属宜宾专区专员公署。1954年，属宜宾专员公署。1978年－1997年，属宜宾地区行政公署。1997年撤地设市以来，隶属宜宾市管辖。2011年，省人民政府同意撤销南溪县，设立宜宾市南溪区。,2011年，省人民政府同意撤销南溪县，设立宜宾市南溪区,撤县（市）设区
呈贡区,"[云南省, 昆明市]",530114,3,add,呈贡区历史沿革编辑呈贡历史悠久，在距今3万年前的旧石器时代就有“昆明人”在此生息繁衍。春秋战国时期，呈贡属于古滇国的中心区创造了灿烂的青铜文化。西汉元封二年（公元前109年），西汉王朝在古滇国区域设置益州郡，呈贡属于益州郡谷昌县地，历经汉晋南北朝而未改。隋唐时期呈贡为昆州益宁县地。南诏大理国时期，呈贡属于三十七部强宗部，彝族先民建有呈贡城。元平大理后，先于宪宗六年（1256年）立呈贡千户，隶属善阐万户，下辖呈贡、诏营、切龙、雌甸、塔罗、罗忽、安江、安棚、大吴龙和乌纳山区。至元十二年（1275年），割呈贡、诏营、切龙、雌甸、塔罗、罗忽6城及乌纳山区首置呈贡县，为中庆路晋宁州领县。由于原呈贡千户所辖的南部地区被分设为归化县，所以区域明显缩小。不久呈贡县改为晟贡县。(7张)明洪武16年（1383年）复为呈贡县，下辖4里。清康熙7年（1668年）归化县制撤销，所辖2里并入呈贡县，并废里改乡。清雍正五年（1727年）呈贡县改属云南府晋宁州领县。民国呈贡县直隶云南省。1927年，呈贡县所辖6个乡改为4个区，区下共辖69个乡（镇）。1950年1月12日，呈贡县人民政府正式成立，隶属云南省玉溪专区，下辖平原、三台、果园、七星、梁王、海宝6个区。同年8月，并平原、三台为平原区，并果园、七星为果园区，并梁王、海宝为梁王区，3区共辖27个乡。1958年全县建为乐园、幸福2个人民公社，下辖19个管理区。同年12月10日，呈贡县建制撤销并入晋宁县为呈贡人民公社。1961年4月从晋宁县划出龙街、吴家营、大渔、洛羊、马金铺5个人民公社成立呈贡区，隶属昆明市。1963年呈贡区增设七甸人民公社，全区辖6个人民公社。1965年9月1日恢复呈贡县建制，仍隶属昆明市。1984年全县撤公社建为1镇6区，下辖59个乡、3个乡级镇和3个乡级办事处。1988年区（镇）改乡（镇），全县设龙城、洛羊2个镇和龙街、七甸、吴家营、大渔、马金铺5个乡，下辖65个办事处。1999年龙街乡更名为斗南镇，全县辖4乡3镇。2003年5月，根据云南省委、省政府提出的“一湖四环”、“一湖四片”的现代新昆明的战略构想，呈贡县的龙城镇、洛羊镇、斗南镇、吴家营乡、大渔乡的160平方千米区域被确定为现代新昆明的东城区，后又称为呈贡新城，2006年9月后改称为呈贡新区。2007年12月，呈贡县所辖龙城镇、洛羊镇、斗南镇、吴家营乡建制撤销，分别设立龙城、洛羊、斗南、吴家营4个街道，其辖区范围分别为龙城镇、洛羊镇、斗南镇、吴家营乡的辖区范围。2008年5月1日，呈贡县马金铺乡的86.88平方千米范围由呈贡县人民政府委托昆明高新技术产业开发区管理委员会管理，大渔乡的24.99平方千米范围由呈贡县人民政府委托昆明滇池国家旅游度假区管理委员会管理，洛羊街道的71．44平方千米范围由呈贡县人民政府委托昆明经济技术开发区管理委员会管理，全县辖区面积461平方千米，实管龙城、斗南、吴家营3个街道和七甸乡，实管面积277．69平方千米。2008年9月23日后，呈贡县按照县改区的体制机制，强化区的功能，弱化县的功能，减少行政层级，县、新城管委会实行老人老办法、新人新办法的原则进行实体化管理改革：成立“中国共产党昆明呈贡新区工作委员会”和“昆明呈贡新区管理委员会”，并与中国共产党呈贡县委员会和呈贡县人民政府合署办公，实行一套班子两块牌子。成立呈贡新区洛龙乌龙、雨花吴家营、龙城斗南片区建设指挥部和呈贡工业园区管理委员会（以下简称为“三部一委”），实行指挥长（主任）负责制，各部（委）设定人员为50人，主要职能是负责管辖范围内的规划设计、开发建设、征地拆迁、农民安置、招商引资、经营管理、社会事务等，并完成新区党工委（县委）、新区管委会（县政府）下达的各项任务；明确了各部（委）建设管辖范围、机制体制、人员编制、管理权限、工作经费、内部机构设置及各部（委）领导组成人员、片区实体化管理办法。同年10月6日，呈贡县将实际管理的4个乡（街道）调整设置为7个街道，为新区党工委（县委）、新区管委会（县政府）派出机构。一、保留龙城、斗南、吴家营3个街道。其中，龙城街道行政区划面积为9.47平方千米，辖城内、古城、龙街3个社区；斗南街道行政区划面积为11.27平方千米，辖殷联、斗南、梅子、江尾、小古城5个社区；吴家营街道行政区划面积为56.39平方千米，辖万溪冲、前卫营、段家营、刘家营、柏枝营、缪家营、郎家营、中庄、王家营9个社区。新增设洛龙、乌龙、雨花3个街道。其中，洛龙街道行政区划面积为17.76平方千米，辖洛龙、吴家营、白龙潭3个社区；乌龙街道行政区划面积为18.41平方千米，辖上可乐、下可乐、乌龙、七步场、三岔口、松花6个社区；雨花街道行政区划面积为16.54平方千米，辖下庄、雨花、回回营3个社区。七甸撤乡改街道，行政区划、辖区面积不变。2009年，七甸乡和已托管的大渔乡、马金铺乡先后撤乡改街道。2010年7月1日，呈贡县七甸街道的126平方千米范围由呈贡县人民政府委托阳宗海旅游度假区管理委员会管理。2011年5月20日，经国务院批准，国务院办公厅下发《关于同意云南省调整昆明市部门行政区划的批复》（国函〔2011〕58号），同意撤销呈贡县，设立昆明市呈贡区。此后、根据国务院批复，省、市、县三级党委、人大、政府、政协就呈贡县撤县设区的有关问题相继作出决定、决议。(8张)2011年11月1日，昆明市举行呈贡县撤县设区暨加快呈贡发展大会，市委、市人大、市政府、市政协主要领导分别为昆明市呈贡区委、区人大、区政府、区政协授牌授印并从即日起正式启用。2011年末，呈贡区辖龙城、斗南、吴家营、洛龙、乌龙、雨花6个街道29个社区及已托管的洛羊、大渔、马金铺、七甸4个街道36个社区，辖区面积461平方千米。呈贡区委、区政府实管龙城、斗南、吴家营、洛龙、乌龙、雨花6个街道29个社区，实管面积151.69平方千米。,2010年7月1日，呈贡县七甸街道的126平方千米范围由呈贡县人民政府委托阳宗海旅游度假区管理委员会管理 | 2011年5月20日，经国务院批准，国务院办公厅下发《关于同意云南省调整昆明市部门行政区划的批复》（国函〔2011〕58号），同意撤销呈贡县，设立昆明市呈贡区 | (8张)2011年11月1日，昆明市举行呈贡县撤县设区暨加快呈贡发展大会，市委、市人大、市政府、市政协主要领导分别为昆明市呈贡区委、区人大、区政府、区政协授牌授印并从即日起正式启用 | 2011年末，呈贡区辖龙城、斗南、吴家营、洛龙、乌龙、雨花6个街道29个社区及已托管的洛羊、大渔、马金铺、七甸4个街道36个社区，辖区面积461平方千米,
铜仁市,"[贵州省, 铜仁市]",520600,3,add,铜仁建制沿革编辑铜仁历史悠久，可以追溯到新石器时代。(23张)秦代为黔中郡腹部地区。汉时改隶武陵郡，蜀汉时始有县治。唐置万安县，后改常丰县，分属思州、锦州、黔州。宋末元初设思州、思南两宣慰司。铜仁原名铜人，相传元朝时有渔人在铜岩处潜入江底，得铜人三尊。元代设置“铜人大小江蛮夷军民长官司”。隶属思南宣慰司。明永乐十一年撤思州、思南宣慰司，于今境地设铜仁、思南、石阡、乌罗4府，均隶属于由此而设置的贵州布政使司。明正统三年（公元1438年）废乌罗府，其大部并入铜仁府。铜仁由此得名。清代铜仁建置无变化。民国元年（公元1912年）撤铜仁县（治所今江口县）并入铜仁府（治所今铜仁市）。民国2年（1913年）改铜仁府为铜仁县（治所今铜仁市）；同时，改思南府为思南县，改石阡府为石阡县，改松桃直隶厅为松桃县。另外，恢复原铜仁县（治所今江口县）改名江口县，安化县改名德江县，以原思南府沿河佑溪吏目驻地设沿河县，以原铜仁府省溪吏目设省溪县（今万山特区）。玉屏县、印江县建置不变。民国3年（1914年）以原铜仁县正大营县丞驻地设正大营分县，隶属松桃县兼管；以原四十八溪主薄驻地设四十八溪（今甘龙口）分县，隶属松挑县兼管。民国24年（公元1935年）6月，经国民政府军事委员会委员长行营核准，在贵州省建立11个行政督察区。其中第六行政督察区专员公署驻思南，辖思南、德江、印江、沿河、石阡等县，第五行政督察区专员公署驻铜仁辖铜仁、江口、松挑、玉屏、省溪等县。民国25年（1936年）1月，正大营分县并入铜仁县，甘龙口分县并入松桃县。同年3月，全省缩编为8个督察区，第六督察区专员公署驻铜仁，辖铜仁、江口、松桃、玉屏、石歼、省溪、思南、德江、印江、沿河、后坪（治所今沿河县后坪乡）13县。民国26年（1937年）11月，督察区重新设置，德江、后坪2县划属第五督察区（治所今遵义市），其余9县隶属第一督察区（治所今镇远县）。民国30年（1941年）撤省溪县，辖地分别并入铜仁、玉屏2县；撒后坪县，辖地分别并(12张)务川2县。民国32年（1943年）2月，全省改设6个行政督察区。第六督察区专员公署驻铜仁，辖铜仁、江口、玉屏、松桃、印江、石阡、思南、德江、沿河9县。1950年1月12日，铜仁地区全境解放，当年设铜仁专区，专员公署驻铜仁县，辖铜仁、玉屏、松挑、江口、印江、石阡、思南、德江、沿河9县。1952年，四川省秀山县九江乡划归贵州省松桃县。1956年9月撤销松桃县，设立松桃苗族自治县。1958年12月撤销玉屏、江口二县，并入铜仁县。1961年8月恢复玉屏、江口两县。1966年12月设立万山特区，1968年9月撤销，1970年8月恢复万山特区。1979年1月撤销铜仁地区革命委员会正式设立铜仁地区行政公署（筒称行署），作为贵州省人民政府行政派出机关的现行建制。1983年9月7日国务院批准撤销玉屏县建立玉屏侗族自治县，原行政区域不变；1986年10月7日国务院批准撤销沿河县，设立沿河土家族自治县，原行政区域不变；1986年12月13日，国务院批准撤销印江县，设立印江土家族苗族自治县，原行政区域不变。1987年8月21日国务院批准撒销铜仁县，设立铜仁市，原行政区域不变。1984年1月将人民公社改为乡，通过建乡建镇调整，全区乡级行政区划分60个区。1987年新建民族乡79个，乡级建制为60个区，10个区级镇，区（镇）下辖315个乡、22个乡级镇，83个民族乡。1991年全区通过“建并撤”并报经省人民政府批复，自此开始建置为39个乡、56个民族乡、69个镇、4个街道办事处。2011年10月22日，撤消铜仁地区设地级铜仁市，撤消原县级铜仁市设碧江区，以原县级铜仁市行政区域为新的碧江区行政区域；撤消万山特区，设铜仁市万山区。铜仁市人民政府地图,2011年10月22日，撤消铜仁地区设地级铜仁市，撤消原县级铜仁市设碧江区，以原县级铜仁市行政区域为新的碧江区行政区域；撤消万山特区，设铜仁市万山区,撤地区设市
万山区,"[贵州省, 铜仁市]",520603,3,add,万山区历史沿革编辑夏商为荆州之域，周朝时属楚，秦朝时属黔中郡，汉朝时属武陵郡，魏晋南北朝初属武陵郡，后属东牂牁郡，隋朝时属辰州，唐朝时属锦州，宋朝时属沅州。相传在西周时（公元前1100～前771年），从巴方来了一个梵氏女子教土民在崖壁上用她带来的青铜之内的工具沿着丹脉敲凿取丹，久敲久凿而成洞穴。梵氏将凿得的丹砂献给武王，武王服之，不仅治好了心悸不宁的毛病，而且神清气爽，颜面红润，智慧超人，体力倍增，便敕封产丹之山为“大万寿山”，在元、明、清代简称大万山，民国开始简称“万山”。故民间传说：“万山，是以丹得名”。梵女教民取丹拿去巴方换回食盐，万山人称“盐巴”，所谓“盐巴”一词是古语“巴盐”的倒称，此名一直延续到二十世纪五十年代。后来梵女外出久而不归，人们以为是她得道成仙升天了，在她生前开凿的洞前有一石柱，貌若丰姿绰约的女子，人们以为是她的化身，称之为“梵女石”，后来又干脆称“仙女石”，她生前开凿的洞，誉为“仙人洞”。此石、此洞今仍在，万山民间世世代代都有善男信女常去焚香化纸祭祀、求婚、求子、求福、求平安，传其有求必应。元至六十四年（1277年），置大万山苏葛办等处军民长官司，黄道溪野鸡坪蛮夷长官司，均属于思州安抚司。明朝洪武初，万山、黄道、施溪等3个土司隶属关系沿元未变。洪武五年六月十三日（1372年），大万山司随思州宣慰司改属湖广行省；施溪漾头司迁治平地寨，改称施溪长官司，隶属湖广沅州卫，洪武六年（1373年），又改属于思州慰司。洪武二十五年（1392年），以务程龙鳌、坪岳溪、都坪等蛮夷长官司并入黄道溪长官司，迁治武陵坪（今黄道侗族乡街上平溪寨），仍隶属思州宣尉司。后思州宣尉使田琛与思南宣尉使田宗鼎争砂坑有怨，举兵相攻，琛称天主，朝廷敕镇远侯顾成以兵弹压。事平，革除思州、思南二宣尉司，设贵州布政使司。以思州宣尉司地置思州、黎平、新化、石阡4府，以思南宣尉司地置思南、铜仁、乌罗、镇远4府，上述8府均隶属贵州布政使司。永乐十二年三月二日（1414年），大万山长官司划属铜仁府管辖，黄道溪长官司，施溪长官司划属思州府管辖。清朝实行“土改归流”的政策，自雍正以后，土司大部分被裁撤，大万山长官司由铜仁府派流官直接管理黄道溪长官司和施溪长官司由思州府派流官直接管理。光绪六年八月二十六日（1880年）贵州巡抚岑毓英奏准，将铜仁县移治江口，而将省溪司（今江口县）流官吏目改驻大万山，于是大万山又名省溪，治万山城内（今解放街），仍隶属铜仁府。民国二年8月（1913年），设置省溪县。省溪县成立初隶属贵州省黔东道（又名镇远道）。民国十二年（1923年），废黔东道，省溪县直隶于贵州省政府。民国二十四年元月（1935年），省溪县隶属第九行政督察区，专员公署驻铜仁。民国二十六年11月（1937年），铜仁改称第六、七两个行政督察区合并成立新的第一行政督察区，专员公署驻镇远，省溪县隶属第一行政督察区。民国三十年（1941年），撤销省溪县，其辖地并入玉屏县和铜仁县。1949年，属玉屏县第六区。1958年12月划属铜仁县，建万山公社。1961年8月，又划属玉屏县恢复万山区。1966年2月22日，经国务院批准，设立万山特区隶属铜仁地区。1968年9月24日，贵州省革命委员会批准，撤销万山特区，建立万山镇，直属铜仁地区。1970年8月8日，国务院批准，恢复万山特区。仍属铜仁地区。2011年11月，国务院批复同意撤销铜仁地区设立地级铜仁市，设立万山区。,2011年11月，国务院批复同意撤销铜仁地区设立地级铜仁市，设立万山区,新增区
望城区,"[湖南省, 长沙市]",430112,3,add,望城区历史沿革编辑望城，古为荆楚地，自秦，汉设郡、县，经三国、晋、隋、唐及五代，历为长沙郡、长沙国、长沙县辖县；至宋元符元年（1098年），经元、明、清各朝，县境分属长沙、善化两县。1951年，从长沙县境划出湘江以西及湘江东岸北部部分地区置望城县。因县治设于望城坡（今属岳麓区），故名望城县。1959年撤销望城县并入长沙县。1977年恢复望城县建制，隶属长沙市，县人民政府驻城关镇，距省会长沙市26公里，辖城关、丁字、铜官、靖港、乔口、坪塘6镇及30乡，25个居民委员会，451个村民委员会。1996年4月22日，国务院批准（国函[1996]29号）将望城县的霞凝乡划归开福区管辖，天顶乡划归岳麓区管辖。2000年，望城县辖15个镇、4个乡，总人口686349人。2000年第五次人口普查，望城县常住总人口686349人，其中，高塘岭镇65403人，桥驿镇37138人，丁字镇39124人，茶亭镇29805人，东城镇16324人，铜官镇23835人，靖港镇32249人，乔口镇30106人，乌山镇37631人，星城镇39603人，雷锋镇29784人，雨敞坪镇28981人，莲花镇42106人，坪塘镇55520人，含浦镇38847人，格塘乡29084人，新康乡31495人，黄金乡40396人，白箬铺乡38918人。2005年底，望城县辖16个镇、3个乡：高塘岭镇、桥驿镇、丁字镇、茶亭镇、东城镇、铜官镇、靖港镇、乔口镇、乌山镇、星城镇、雷锋镇、雨敞坪镇、莲花镇、坪塘镇、含浦镇、白箬铺镇、格塘乡、新康乡、黄金乡。2008年，湖南省民政厅批准（湘民行发[2008]3号）：将望城县含浦、坪塘、莲花3个镇成建制划归岳麓区管辖，3个镇的行政建制、人口、面积、所辖村（居）委会个数、政府驻地均不变。行政区划调整后，望城县总面积1046.42平方千米，总人口56.63万人，辖13个镇、3个乡：高塘岭镇、桥驿镇、丁字镇、茶亭镇、东城镇、铜官镇、靖港镇、乔口镇、乌山镇、星城镇、雷锋镇、雨敞坪镇、白箬铺镇、格塘乡、新康乡、黄金乡。同年，湖南省民政厅批准（湘民行发[2008]9号）：将望城县雨敞坪镇成建制划归长沙市岳麓区管辖。行政区划调整后，望城县总面积969.42平方公里，总人口53.18万人，辖12个镇、3个乡：高塘岭镇、桥驿镇、丁字镇、茶亭镇、东城镇、铜官镇、靖港镇、乔口镇、乌山镇、星城镇、雷锋镇、白箬铺镇、格塘乡、新康乡、黄金乡。其中，雷锋镇委托长沙高新技术开发区管理。县政府驻高塘岭镇，计划行政中心迁至星城镇同心村竹山坡村。（湘民行发[2008]9号）2005年底，望城县辖16个镇、3个乡：高塘岭镇、桥驿镇、丁字镇、茶亭镇、东城镇、铜官镇、靖港镇、乔口镇、乌山镇、星城镇、雷锋镇、雨敞坪镇、莲花镇、坪塘镇、含浦镇、白箬铺镇、格塘乡、新康乡、黄金乡。2008年6月，望城县将雷锋镇委托长沙高新技术产业开发区管理（雷锋镇范围内的人大、政协、人武工作仍由望城管理；其他党务群团、行政、经济、社会事务等管理工作全部委托高新区实行统一管理）。同年，湖南省民政厅批准（湘民行发[2008]3号）：将望城县含浦、坪塘、莲花3个镇成建制划归岳麓区管辖，湖南省民政厅批准（湘民行发[2008]9号）：将望城县雨敞坪镇成建制划归长沙市岳麓区管辖。2011年6月，撤销湖南省望城县设立长沙市望城区，以原望城县的行政区域为长沙市望城区的行政区域。区人民政府驻高塘岭镇。望城撤县设区后，辖丁字镇、桥驿镇、茶亭镇、东城镇、铜官镇、乔口镇、靖港镇、乌山镇、高塘岭镇、星城镇、雷锋镇、白箬铺镇、格塘镇、黄金镇和新康乡等14镇1乡，总面积969平方千米，总人口53.68万人。。2012年6月，经省民政厅批准，撤销长沙市望城区高塘岭镇、星城镇、黄金镇、丁字镇，设立高塘岭街道、星城街道、黄金街道、丁字街道四个街道办事处，行政区划调整后，望城区辖4个街道、10镇、1乡。2012年8月，经长沙市民政局批准，撤销长沙市望城区高塘岭街道、星城街道、黄金街道、丁字街道，分别设立高塘岭街道、喻家坡街道、白沙洲街道、大泽湖街道、月亮岛街道、黄金园街道、廖家坪街道、金山桥街道、丁字湾街道、书堂山街道十个街道办事处，行政区划调整后望城区辖10街道、10镇、1乡。2014年4月，望城区将廖家坪街道成建制整体委托给长沙市高新区管理。2015年，根据望城区乡镇区划调整方案，将靖港镇和格塘镇成建制合并设立靖港镇；将新康乡和高塘岭街道成建制合并设立高塘岭街道；将茶亭镇和东城镇成建制合并设立茶亭镇；将东城镇慎家桥社区五杉片（含跃进、染匠、禾家、姚家、五杉、大官、鱼心7个居民小组）划入铜官镇华城村，将茶亭镇郭亮村划入铜官镇，将铜官镇和书堂山街道成建制合并设立铜官街道；将乌山镇和喻家坡街道成建制合并设立乌山街道；将雷锋镇和廖家坪街道成建制合并成立雷锋街道。合并后乡镇政府和街道办事处驻地设在命名的相应原乡镇、街道驻地。行政区划调整后望城区共减少6个乡级建制，现望城区辖5个镇、10个街道。望城区地理环境编辑望城区位置境域望城区地处洞庭湖南缘、长浏盆地的西部，长衡丘陵向滨湖平原过渡的地带，地理上位于位于湖南中部偏北、长沙城区北半部，位于东经112°35′48″～113°02′30″和北纬27°58′28″～28°33′45″之间。望城区地形地貌望城整个地形由南向北倾斜，呈不规则的长方形。东北部群山绵亘，黑麋峰为其最高峰，海拔590.5米，山脉向西南延伸，止于湘江东岸，区域内岗地面积较大，岗顶多为平展伸延，地表缓和起伏；西南部嵇珈山海拔474.2米，自宁乡逶迤起伏东来，群峰耸立，层峦叠嶂；西北部为滨湖冲积平原区，土地平旷，渠沟纵横，内有团头湖为境内最大的湖泊，湛湖海拔23.5米，为全区最低处；中部多为丘陵岗地海拔在60～150米之间。望城区气候特征望城区属中亚热带季风湿润气候，气候温和，热量丰富，年平均气温17℃，日照1610小时。1月为一年中气温最低的一个月，平均气温为4.4度，7月为气温最高，平均30℃。望城区水系水文河流：境内河流为湘江及其支流，以湘江河为界，从河西流入湘江的有柳林江、撇洪河、沩水河、八曲河、马桥河、大泽湖水系、龙王港、观音港和百泉河，其中最有名的为沩水河。从湘江东岸流入的有黄龙河、石渚河与霞凝河。湖泊：较大的湖泊有团山湖、天井湖和格塘水库，其他库容量100—1000万立方米有，黄金乡的观音岩水库、茶亭镇境内的茶亭水库都很有名。望城区自然资源编辑望城区物产丰富，主产稻谷，盛产鲜鱼，素称“鱼米之乡”。境内地下矿藏已查明的有金、铁、锰、磷、石灰石、花岗岩、玄武岩、陶土等30多种，共有矿产地65处，其中丁字的花岗石质地坚硬，铜官陶土细腻洁白，均久负盛名。区域内植被以亚热带常绿针阔叶林为主，树种资源丰富，自然生长和引进栽培树种70科、274种，竹类7种，主要林木有杉、松、樟、椿、柑橘、楠竹等。望城区人口概况编辑截至2016年末，望城区户籍人口55.49万人（不含雷锋街道），比上年末增加2.16万人。户籍人口中男性27.67万人，女性27.82万人。人口出生率为16.0‰，人口死亡率为5.4‰，人口自然增长率为10.6‰。,2011年6月，撤销湖南省望城县设立长沙市望城区，以原望城县的行政区域为长沙市望城区的行政区域,撤县（市）设区
万山特区,"[贵州省, 铜仁地区]",522230,3,del,万山区历史沿革编辑夏商为荆州之域，周朝时属楚，秦朝时属黔中郡，汉朝时属武陵郡，魏晋南北朝初属武陵郡，后属东牂牁郡，隋朝时属辰州，唐朝时属锦州，宋朝时属沅州。相传在西周时（公元前1100～前771年），从巴方来了一个梵氏女子教土民在崖壁上用她带来的青铜之内的工具沿着丹脉敲凿取丹，久敲久凿而成洞穴。梵氏将凿得的丹砂献给武王，武王服之，不仅治好了心悸不宁的毛病，而且神清气爽，颜面红润，智慧超人，体力倍增，便敕封产丹之山为“大万寿山”，在元、明、清代简称大万山，民国开始简称“万山”。故民间传说：“万山，是以丹得名”。梵女教民取丹拿去巴方换回食盐，万山人称“盐巴”，所谓“盐巴”一词是古语“巴盐”的倒称，此名一直延续到二十世纪五十年代。后来梵女外出久而不归，人们以为是她得道成仙升天了，在她生前开凿的洞前有一石柱，貌若丰姿绰约的女子，人们以为是她的化身，称之为“梵女石”，后来又干脆称“仙女石”，她生前开凿的洞，誉为“仙人洞”。此石、此洞今仍在，万山民间世世代代都有善男信女常去焚香化纸祭祀、求婚、求子、求福、求平安，传其有求必应。元至六十四年（1277年），置大万山苏葛办等处军民长官司，黄道溪野鸡坪蛮夷长官司，均属于思州安抚司。明朝洪武初，万山、黄道、施溪等3个土司隶属关系沿元未变。洪武五年六月十三日（1372年），大万山司随思州宣慰司改属湖广行省；施溪漾头司迁治平地寨，改称施溪长官司，隶属湖广沅州卫，洪武六年（1373年），又改属于思州慰司。洪武二十五年（1392年），以务程龙鳌、坪岳溪、都坪等蛮夷长官司并入黄道溪长官司，迁治武陵坪（今黄道侗族乡街上平溪寨），仍隶属思州宣尉司。后思州宣尉使田琛与思南宣尉使田宗鼎争砂坑有怨，举兵相攻，琛称天主，朝廷敕镇远侯顾成以兵弹压。事平，革除思州、思南二宣尉司，设贵州布政使司。以思州宣尉司地置思州、黎平、新化、石阡4府，以思南宣尉司地置思南、铜仁、乌罗、镇远4府，上述8府均隶属贵州布政使司。永乐十二年三月二日（1414年），大万山长官司划属铜仁府管辖，黄道溪长官司，施溪长官司划属思州府管辖。清朝实行“土改归流”的政策，自雍正以后，土司大部分被裁撤，大万山长官司由铜仁府派流官直接管理黄道溪长官司和施溪长官司由思州府派流官直接管理。光绪六年八月二十六日（1880年）贵州巡抚岑毓英奏准，将铜仁县移治江口，而将省溪司（今江口县）流官吏目改驻大万山，于是大万山又名省溪，治万山城内（今解放街），仍隶属铜仁府。民国二年8月（1913年），设置省溪县。省溪县成立初隶属贵州省黔东道（又名镇远道）。民国十二年（1923年），废黔东道，省溪县直隶于贵州省政府。民国二十四年元月（1935年），省溪县隶属第九行政督察区，专员公署驻铜仁。民国二十六年11月（1937年），铜仁改称第六、七两个行政督察区合并成立新的第一行政督察区，专员公署驻镇远，省溪县隶属第一行政督察区。民国三十年（1941年），撤销省溪县，其辖地并入玉屏县和铜仁县。1949年，属玉屏县第六区。1958年12月划属铜仁县，建万山公社。1961年8月，又划属玉屏县恢复万山区。1966年2月22日，经国务院批准，设立万山特区隶属铜仁地区。1968年9月24日，贵州省革命委员会批准，撤销万山特区，建立万山镇，直属铜仁地区。1970年8月8日，国务院批准，恢复万山特区。仍属铜仁地区。2011年11月，国务院批复同意撤销铜仁地区设立地级铜仁市，设立万山区。,2011年11月，国务院批复同意撤销铜仁地区设立地级铜仁市，设立万山区,新增区
铜仁地区,"[贵州省, 铜仁地区]",522200,3,del,铜仁建制沿革编辑铜仁历史悠久，可以追溯到新石器时代。(23张)秦代为黔中郡腹部地区。汉时改隶武陵郡，蜀汉时始有县治。唐置万安县，后改常丰县，分属思州、锦州、黔州。宋末元初设思州、思南两宣慰司。铜仁原名铜人，相传元朝时有渔人在铜岩处潜入江底，得铜人三尊。元代设置“铜人大小江蛮夷军民长官司”。隶属思南宣慰司。明永乐十一年撤思州、思南宣慰司，于今境地设铜仁、思南、石阡、乌罗4府，均隶属于由此而设置的贵州布政使司。明正统三年（公元1438年）废乌罗府，其大部并入铜仁府。铜仁由此得名。清代铜仁建置无变化。民国元年（公元1912年）撤铜仁县（治所今江口县）并入铜仁府（治所今铜仁市）。民国2年（1913年）改铜仁府为铜仁县（治所今铜仁市）；同时，改思南府为思南县，改石阡府为石阡县，改松桃直隶厅为松桃县。另外，恢复原铜仁县（治所今江口县）改名江口县，安化县改名德江县，以原思南府沿河佑溪吏目驻地设沿河县，以原铜仁府省溪吏目设省溪县（今万山特区）。玉屏县、印江县建置不变。民国3年（1914年）以原铜仁县正大营县丞驻地设正大营分县，隶属松桃县兼管；以原四十八溪主薄驻地设四十八溪（今甘龙口）分县，隶属松挑县兼管。民国24年（公元1935年）6月，经国民政府军事委员会委员长行营核准，在贵州省建立11个行政督察区。其中第六行政督察区专员公署驻思南，辖思南、德江、印江、沿河、石阡等县，第五行政督察区专员公署驻铜仁辖铜仁、江口、松挑、玉屏、省溪等县。民国25年（1936年）1月，正大营分县并入铜仁县，甘龙口分县并入松桃县。同年3月，全省缩编为8个督察区，第六督察区专员公署驻铜仁，辖铜仁、江口、松桃、玉屏、石歼、省溪、思南、德江、印江、沿河、后坪（治所今沿河县后坪乡）13县。民国26年（1937年）11月，督察区重新设置，德江、后坪2县划属第五督察区（治所今遵义市），其余9县隶属第一督察区（治所今镇远县）。民国30年（1941年）撤省溪县，辖地分别并入铜仁、玉屏2县；撒后坪县，辖地分别并(12张)务川2县。民国32年（1943年）2月，全省改设6个行政督察区。第六督察区专员公署驻铜仁，辖铜仁、江口、玉屏、松桃、印江、石阡、思南、德江、沿河9县。1950年1月12日，铜仁地区全境解放，当年设铜仁专区，专员公署驻铜仁县，辖铜仁、玉屏、松挑、江口、印江、石阡、思南、德江、沿河9县。1952年，四川省秀山县九江乡划归贵州省松桃县。1956年9月撤销松桃县，设立松桃苗族自治县。1958年12月撤销玉屏、江口二县，并入铜仁县。1961年8月恢复玉屏、江口两县。1966年12月设立万山特区，1968年9月撤销，1970年8月恢复万山特区。1979年1月撤销铜仁地区革命委员会正式设立铜仁地区行政公署（筒称行署），作为贵州省人民政府行政派出机关的现行建制。1983年9月7日国务院批准撤销玉屏县建立玉屏侗族自治县，原行政区域不变；1986年10月7日国务院批准撤销沿河县，设立沿河土家族自治县，原行政区域不变；1986年12月13日，国务院批准撤销印江县，设立印江土家族苗族自治县，原行政区域不变。1987年8月21日国务院批准撒销铜仁县，设立铜仁市，原行政区域不变。1984年1月将人民公社改为乡，通过建乡建镇调整，全区乡级行政区划分60个区。1987年新建民族乡79个，乡级建制为60个区，10个区级镇，区（镇）下辖315个乡、22个乡级镇，83个民族乡。1991年全区通过“建并撤”并报经省人民政府批复，自此开始建置为39个乡、56个民族乡、69个镇、4个街道办事处。2011年10月22日，撤消铜仁地区设地级铜仁市，撤消原县级铜仁市设碧江区，以原县级铜仁市行政区域为新的碧江区行政区域；撤消万山特区，设铜仁市万山区。铜仁市人民政府地图,2011年10月22日，撤消铜仁地区设地级铜仁市，撤消原县级铜仁市设碧江区，以原县级铜仁市行政区域为新的碧江区行政区域；撤消万山特区，设铜仁市万山区,撤地区设市
綦江县,"[重庆市, 綦江县]",500222,2,del,綦江区历史沿革编辑(7张)巴国。秦、汉为巴郡江州县地。汉武帝元鼎六年（前111年），为牂牁郡母敛县属地。西魏、北周属江阳县地。隋朝，为江津县地。唐武德二年（619年），分江津县地置南州，并置隆阳、扶化、隆巫、丹溪、零水诸县。武德三年（620年），改名僰州。武德四年（621年），复名僰州。贞观五年（632年），置三溪县，隶属于南州。贞观七年（634年），置岚山、当山、归德、汶溪四县，隶属于南州。贞观八年（635年），岚山、当山、归德、汶溪四县并入南州。贞观十一年（638年），扶化、隆巫、零水三县并入南州。贞观十六年（643年）撤销丹溪县，置溱州溱溪郡，治地在荣懿县，管辖扶观、乐安。咸亨初年（670年），撤销三溪县。先天元年（712年），改隆阳县为南川县。天宝初年（742年），改南州为南川郡。乾元初年（758年），复名为南州，隶属于江南道黔州都督府（今彭水县）。(4张)元朝，置南坪綦江长官司，属播州宣慰司。至正二十六年（公元1366年），设綦江县。明清时期，綦江县仍置，均属重庆府。民国初期，綦江县先后隶属重庆蜀军政府、重庆镇抚府和川东道（后改为东川道）；民国16年（1927年），为国民革命军第二十一军的防地；民国24年（1935年），川政统一后，綦江县属四川省第三行政督察区。中华人民共和国成立后，綦江县先属川东行政区璧山专区；1951年，璧山专区改为江津专区，綦江县仍属江津专区；1953年，撤销行政区，恢复四川省建置后，綦江县仍属江津专区。1956年，綦江县2个村划归贵州省鳛水县。1958年11月，綦江县划归重庆市管辖。1979年，綦江县5个乡生产队划归贵州省习水县，习水县3个生产队划归綦江县。2011年10月，撤销重庆万盛区和綦江县，设立綦江区。,2011年10月，撤销重庆万盛区和綦江县，设立綦江区,合并
大足县,"[重庆市, 大足县]",500225,2,del,大足区建制沿革编辑(3张)巴国，秦属巴郡，汉属益州巴郡垫江县。东晋、南北朝时期，先后属梁州巴郡垫江县、宕渠县、合州垫江郡石镜县、普安郡永康县。隋代，大足东北部为涪州石镜县地，西南部为资阳郡隆康县地。唐朝，大足东北部先后为合州石镜县、铜梁县、巴川县地，西南部为普州隆康县地。乾元元年（758年）正式建县，以境内有大足川而得名，隶属于昌州。大历六年（771年），张朝、 杨楙作乱，昌州州治被焚，撤昌州。大历十年（775年），西川节度使崔宁奏准复置昌州，“以镇僚夷”，昌州州治移到静南县。光启元年（885年），昌州州治又迁移到大足县。景福元年（892年），撤静南县，双桥境域归属大足县。宋朝，大足为昌州府和潼川府治地。元代，至元十七年（1290年）并入合州。明朝，洪武四年（1371年）复置；洪武十年（1382年）改属重庆府；嘉靖四十四年（1565年）蔡伯贯起义，建国号“大唐”，号“大宝”。清康熙元年（1662年）并入荣昌县。1728年（雍正六年）复置大足县。1674年（清康熙十三年）吴三桂称帝，国号周，“全川悉陷”。1678年（康熙十七年）至1680年（康熙十九年）间，双桥境域为吴三桂占据。清末民（国）初属重庆府、川东道。清光绪年间，余栋臣三打教堂，两次起义反洋教。1911年（清宣统3年）张桂山组织保路同志军进县城，宣告大足独立，并攻克富顺，被推为富顺都督。中华民国时期，先后属重庆府、川东道；1935年（民国24年）属四川省第三行政督察区。1949年12月13日大足解放。解放后，先后隶川东行署区璧山专区、四川省江津专区、永川地区。1974年2月，四川省革命委员会在向国务院呈报《关于建立大足汽车制造厂行政区由重庆市直辖的请示报告》中，建议将大足县双路公社和元通公社的青春、天星、白鹤、天桥及土桥公社的茅店、新民等6个生产大队划归新置之行政区，由重庆市直辖。双路公社建制及社名不变。另外6个大队组建为通桥公社（取元通、土桥公社社名各一字而成），并从双路、通桥两公社首尾各取一字，以“双桥”二字作为新置行政区名。1975年10月，经国务院批准从大足县划出置双桥区，隶重庆市。2011年10月，经国务院批准，重庆市撤销双桥区和大足县，设立大足区。同时，设立双桥经济技术开发区，作为市级开发区。,2011年10月，经国务院批准，重庆市撤销双桥区和大足县，设立大足区,合并
双桥区,"[重庆市, 双桥区]",500111,2,just_name_change,双桥区历史沿革编辑秦以前到唐宋双桥建区只有37年时间，但其境域历史悠久。秦以前属巴国，秦属巴郡，汉属益州巴郡垫江县（今合川区）。三国两晋南北朝时期，先后为益州、荆州、楚州巴郡垫江县、宕渠县（今合川区）、合州垫江郡石境县（今合川区）地。北周时期，为普安郡永康县（今安岳）地。隋代为资阳郡隆康县（今安岳）地。初唐为普州隆康（普康）县地。唐肃宗乾元元年（758），左拾遗李鼎祚向朝廷提出奏请，以“山川阔远，请割泸、普、渝、合、资、荣等六州界置昌州”（见李吉甫《元和郡县志》）。次年正月，唐肃宗李亨接受奏请，正式批准从泸州、普州、渝州、合州、荣州、资州（见王象之《舆地纪胜》的认定）划出部分地“分置昌州”，同时分置昌元、静南、大足三县，隶昌州（见《旧唐书》、《新唐书》中的《地理志》），双桥境域属静南县。唐大历六年（771），战乱不已，无法成治，州、县均废置，其辖地归还故属。大历十年（775），西川节度使崔宁奏准唐朝廷，于是年五月复置原州、县，“以镇夷獠”。次年，析壁山（今璧山）、泸州地置永川县，隶昌州。州治迁静南县，辖静南、昌元、大足、永川四县。唐景福元年（892），撤静南县，所属县地分别并入其余三县，双桥境域归属大足县。唐宋时期，大足基层政区均为乡里，因其所载不详，双桥境域属何乡里无从查考。元代县以下为村社制，时大足省并铜梁，详情失考。明清时期，属大足县汶水里。清康熙十三年（1674）吴三桂称帝，国号周，“全川悉陷”。康熙十七年至十九年间，双桥境域为吴三桂占据。据说，原双路乡二郎塘燕子岩煤窑平洞尾部刻有开凿年代“洪化”二字，“洪化”乃吴三桂之孙吴世璠年号。中华人民共和国时期1965年2月26日，中共中央、国务院发布《关于西南三线建设体制问题的决定》在中国中西部地区13个省，自治区开始了一场以战备为指导思想的国防、科技、工业和交通设施建设，当时我国的工业绝大部分都在东北，华北一带形势十分急迫，按照三线建设的战略划分，全国划分为前线中间地带你和三类地区，一线地区涵盖北、上、广、蒙、黑、藏、新等14个边界及沿海省、直辖市、自治区，二线地区包括皖、赣全省和冀、豫、湘、鄂4省的部分地区，三线地区包括渝、川、黔、桂、陕等省市，涉及13个省区异常大规模的国防三线建设深入腹地、已于密林、藏于深山，捍卫国家安全的行动在广袤的疆域悄然展开。三线建设的重点在西南，重庆以较强的工业底蕴和优越的地理位置，成为兵工企业，三线建设的主战场。1965年10月1日，大足县双路公社巴岳山脚下的彭家院子，巴岳山下一个中国第一个重型汽车制造厂以神秘的101信箱为代号的兵工企业在这里正式开建。　　1965年经第一机械工业部批准，国家科学技术委员会审批周恩来总理亲自批示，在四川省大足县同一地址，简历重型汽车厂和重型汽车研究所。1965年6月，中央决定从法国贝利埃公司引进重型汽车生产线，落户在重庆以西100公里的大足双路公社，规划占地1950亩，规划年产红岩重型汽车1100辆，主要装备解放军各级部队和刚刚成立的第二炮兵部队，中国开始对重型汽车进行自主研发和制造。1965年，厂址刚选定，第一机械工业部要求当月开工，三个月内完成通水、通电、通公路和厂房平整的三通一平。勤劳的建设者们，在物质缺乏的情况下，靠着几乎原始的方法开山劈路，奋战一个月的时间就平出了大片平坝。为建设厂房打下了坚实基础。1966年，刚刚1岁的共和国“独生子”，就遇上了“十年文革”。文革期间，厂区内批斗，弄得乌烟瘴气，生产低下，工人懈怠。饥馑动乱的年代，共和国“独生子”101厂的生存状态，又一次惊动了中南海！1973年12月26日，李先念、叶剑英等党和国家领导人听取了重汽厂的专项汇报，拟同意在厂区周围建立一个特区，由重庆市直管。国家拨专款对重汽厂的生活设施、市政设施进行大规模改造，以改善职工的生产生活条件。当设立特区的报告送到李先念副总理的办公室，他思考过后批示“下不为例，立即批准”。1974年2月，四川省革命委员会在向国务院呈报《关于建立大足汽车制造厂行政区由重庆市直辖的请示报告》中，建议将大足县双路公社和元通公社的青春、天星、白鹤、天桥及土桥公社的茅店、新民等6个生产大队划归新置之行政区，由重庆市直辖。双路公社建制及社名不变。另外6个大队组建为通桥公社（取元通、土桥公社社名各一字而成），并从双路、通桥两公社首尾各取一字，以“双桥”二字作为新置行政区名。1974年10月22日国务院作出乐《国务院关于建立大足汽车制造厂行政区问题的批复》（国发〔1974〕100号文件）批准从大足县划出双路、通桥公社置重庆市双桥区，隶四川省重庆市、地厅级。1997年重庆市建制为直辖市后，仍隶重庆市。该区为重庆市副厅级行政区。二十一世纪2011年10月24日经国务院《关于同意重庆市调整部分行政区划的批复》（国函〔2011〕129号文件）批准，10月27日重庆市三届人大常委会第二十七次会议表决通过了《重庆市人民代表大会常务委员会关于设立大足区有关问题的决定》，决定撤销大足县、双桥区，将大足县与双桥区合并，成立新的大足区，大足区使用原重庆市双桥区行政代码500111、邮政编码400900，重庆市人民政府开设重庆市双桥经济技术开发区（以下简称经开区），并派出机构重庆市双桥经济技术开发区管理委员会管理双桥经开区市政、基建、城市规划、统筹发展、民生等事宜。重庆市双桥经开区管委会为重庆市人民政府派出机构，正厅级行政单位，行使市级行政权力。重庆市府分别委托大足区委、区府代管理党务和部分社会事务。双桥经开区管委会管辖双桥经济技术开发区城市建设、街镇等事务。双桥区地理环境编辑双桥区地理位置风光旖旎的双桥区，地处成渝经济走廊，位于成渝高速公路北侧6公里，东距重庆城区80公里，西距成都市269公里，具有较好的区位辐射优势。重庆市双桥区东邻永川区，大邮高等级公路横贯全境，交通便利。辖区幅员面积133平方公里（原43.1平方公里），人口11.86万，其中城镇人口8.5万，以汉族为主，另有回、壮、满、傣、瑶、黎、苗、侗、土家、蒙古、锡伯、布依等少数民族。成渝高速穿其境内，成渝客专大足南站设置在大足县邮亭镇（现双桥经开区邮亭镇）。经天星大道、红岩大道，在龙水湖收费站上重庆三环高速公路，已于2015年9月通车斯太尔两大系列的高吨位重型汽车为主。在重汽集团带动下，区属工业经济较为发达，形成了以重型汽车改装制造、零部件生产为龙头，以饲料、铸锻为两翼，以摩托车配件、五金、化工、采矿为补充的工业体系。区内规划建设重庆双桥通用机场，详见《民航西南地区管理局关于印发重庆市通用机场布局规划的通知》双桥区气候资源双桥区旅游资源得天独厚。不仅位于大足石刻黄金旅游线上，还拥有龙水湖、巴岳山、余栋臣墓等旅游资源和重汽集团重型汽车生产流程等工业旅游资源。龙水湖位于双桥区主城区以北3公里，湖区面积8000多亩，湖水面积5000多亩，蓄水量1200万立方米。湖内108个小岛星罗棋布，各具特色。湖东面的巴岳山叠峰耸翠，峻秀挺拔，风光秀丽，成为龙水湖的天然背景和绿色屏障。重汽集团日产重型汽车50余辆，其流畅、宏大、整洁的生产流程可让人亲身感受现代科技的神奇与瑰丽，从中得到美的享受。双桥区矿产资源丰富，主要有煤、天然气、石灰石、粘土、黄砂以及日产600立方米、可供开采50年的地热资源储备。全区共有耕地面积23076.9亩，占全区土地总面积的43.82%。全区降雨量多年平均径流为444.26毫米，多年平均降雨量1109毫米，人均水资源占有量445立方米，属重庆市资源性缺水的地区之一。,二十一世纪2011年10月24日经国务院《关于同意重庆市调整部分行政区划的批复》（国函〔2011〕129号文件）批准，10月27日重庆市三届人大常委会第二十七次会议表决通过了《重庆市人民代表大会常务委员会关于设立大足区有关问题的决定》，决定撤销大足县、双桥区，将大足县与双桥区合并，成立新的大足区，大足区使用原重庆市双桥区行政代码500111、邮政编码400900，重庆市人民政府开设重庆市双桥经济技术开发区（以下简称经开区），并派出机构重庆市双桥经济技术开发区管理委员会管理双桥经开区市政、基建、城市规划、统筹发展、民生等事宜,合并
万盛区,"[重庆市, 万盛区]",500110,2,just_name_change,万盛经济技术开发区历史沿革编辑万盛经开区境（以下简称区境）在殷商、西周、春秋及战国时期为巴国地。周慎靓王五年（公元前316年），秦惠王遣司马错领兵灭蜀国、巴国，建秦之蜀郡、巴郡，区境为巴郡地。公元前221年，秦始皇统一六国后，至隋朝时期，区境从属尚难考证。唐朝武德十六年（642年），置溱州隶江南道，辖荣懿、扶欢、乐来3县（州及荣懿县治在今万盛区青年镇境），区境分属江南道溱州荣懿、扶欢县及山南道涪州隆化县。开元二十一年（733年），分山南道为东西2道，涪州隶属山南道东道；分江南道设黔中道，南州、溱州隶属黔中道。元和三年（808年），废珍州，并入溱州；宾化县改隶黔州。大中二年（848年），宾化县复隶涪州。区境分属黔中道溱州荣懿县、扶欢县及山南东道涪州宾化县。五代十国时期，区境分属溱州荣懿县、扶欢县及涪州宾化县。北宋庆历八年（1048年），南州、溱州改隶于夔州路渝州。皇佑五年（1053年），改南州为南川县（今綦江县），仍隶属渝州；改宾化县为宾化砦（寨），隶属夔州路涪州。区境分属夔州路渝州荣懿县、扶欢县及涪州宾化砦。宣和六年（1124年），改播州城为播川县，区境地分属夔州路南平军溱溪砦、隆化县、南川县。南宋时期，区境地隶属夔州路南平军鼎山县、隆化县及南川县。元朝至元二十九年（1292年），区境地分属湖广行省播州鼎山县、南平綦江长官司及四川行省重庆路总管府南川县。至正二十三年，在重庆建立大夏国。改南平綦江长官司为綦江县，仍隶属播州，区境地分属播州鼎山县、綦江县及重庆路总管府南川县。明朝时期，区境分属四川布政司遵义府桐梓县夜郎里、重庆府南川县及綦江县遵化里、永兴里。清朝时期，区境地分属贵州遵义府桐梓第六区、四川省川东道重庆府南川县万盛场、刀子口场、丛林镇及綦江遵化里、永兴里。民国24年（1935年），川政统一后，区境地分属贵州省桐梓县、四川省南川县和綦江县。1951年，区境地分属贵州省遵义专区桐梓县、四川省涪陵专区南川县、江津专区綦江县。1955年1月21日，国务院（55）国政常字第6号文批准：由贵州省桐梓县第十区的17个乡、四川省南川县第十区的1个镇6个乡、綦江县的青年乡、建设乡、金灵乡（包括南桐、东林等煤矿区），建立重庆市市辖区，即重庆市南桐矿区，区政府驻地在万盛。1993年2月16日，经国务院批准，重庆市南桐矿区更名为重庆市万盛区。4月8日，重庆市万盛区正式成立。2006年，重庆市人民政府《关于撤销万盛区景星乡设立黑山镇的批复》（渝府[2006]86号）：同意撤销景星乡，设立黑山镇。设镇后其行政区域和政府驻地不变。2007年7月6日，重庆市人民政府《关于万盛区人民政府驻地迁址的批复》（渝府[2007]106号）：同意万盛区人民政府驻地由万盛区万盛街道新田路69号迁至万盛街道新田路2号。2011年11月，设立重庆市万盛经济技术开发区。,2011年11月，设立重庆市万盛经济技术开发区,新增区
南溪县,"[四川省, 宜宾市]",511522,3,del,南溪区建制沿革编辑南北朝梁设南广县。隋开皇（581－600年）初废六同郡，直属戎州。隋仁寿初年（601－604年）因避太子杨广讳，改为南溪县。县初治今宜宾市翠屏区李庄镇北岸（涪溪口至桂轮场）。隋大业初年（604－617年），属犍为郡。唐乾符二年（875年），在仙源坝筑奋戎城（今南溪镇）。唐武德元年（618年），属戎州。唐天宝元年（742年），属南溪郡。唐乾元元年（758年），复属戎州。宋乾德（963－969年）中，迁治奋戎城。南溪建县前，隶属犍为郡僰道县。梁时属戎州六同郡。宋乾道六年（1170年），属叙州。元至元十八年（1281年），隶于叙州路。明清时，属叙州府。1913年，废叙州府，隶于川南道分巡。1914年，隶于永宁道分巡。1929年撤永宁道，直属四川省。1935年至1949年，属第六行政督察区专员公署。1949年12月7日南溪县解放，1950年，南溪县属宜宾专区专员公署。1954年，属宜宾专员公署。1978年－1997年，属宜宾地区行政公署。1997年撤地设市以来，隶属宜宾市管辖。2011年，省人民政府同意撤销南溪县，设立宜宾市南溪区。,2011年，省人民政府同意撤销南溪县，设立宜宾市南溪区,撤县（市）设区
含山县,"[安徽省, 马鞍山市]",340522,3,add,含山县历史沿革编辑秦时含山为历阳县地，属九江郡。西汉高祖四年（前203年），历阳属淮南国。元狩元年（前122年），淮南国除，历阳仍属九江郡。武帝置十三州时，改九江郡为扬州，历阳属扬州。后汉因之。新莽，改九江郡为延平郡，改历阳县为明义县。三国时，历阳属吴。西晋时期，历阳先属扬州淮南郡，永兴元年（304年），属新设历阳郡。东晋大兴二年（319年），分历阳县境西部侨置龙亢县，县治在今县南40里，相传即今杨府城村，属扬州历阳郡。南北朝时期，宋永初二年（421年），龙亢属南豫州历阳郡，元嘉七年（430年），属豫州历阳郡。大明三年（459年），属南豫州历阳郡。齐建元二年（480年），属豫州历阳郡。永明二年（484年），属南豫州历阳郡。梁太清二年（548年），侯景破历阳，江北之地尽属东魏。北齐天保六年（555年），齐、梁通和，遂改历阳为和州，龙亢归和州。陈宣帝末，北周尽取江北之地，将龙亢县地并入历阳县，至此龙亢县废。隋开皇十三年（593年），历阳县属和州。大业三年（607年），历阳县属历阳郡。唐武德六年（623年），分历阳县西部地区原龙亢县境域设含山县，县以境内的含山命名。含山，又名横山。《清一统志》说：“在含山县西三十里，崔巍雄峻，群山列峙，势若吞含，唐因以名县。”《太平寰宇记》又说；“以县境众山所含，故名含山县。”武德八年（625年），含山县废，并入历阳县。长安四年（704年），在原含山县境置武寿县，属淮南道和州。神龙元年（705年），复名含山县，领属关系未变。自此含山县名沿用至今。唐天宝元年（742年），和州改为历阳郡，含山属淮南道历阳郡。乾元元年（758年），历阳郡再改为和州，含山属淮南节度使和州。贞元十六年（800年），属舒庐滁和都团练使和州。天祐元年（904年），属淮南节度使和州。五代十国时期，含山初属吴、南唐，后属后周，均隶和州。两宋时期，含山属淮南西路和州防御使。元至元十三年（1276年），含山属淮西总管府和州镇守万户。至元十四年，属庐州路总管府和州安抚司。至元十五年，属和州路。至元二十八年，和州路降为和州，属庐州路和州。至正二十七年（1367年），含山县废，县南部分入无为州，余并入和州，属南京庐州府。明洪武七年（1374年），属南京凤阳府。洪武十三年，复置含山县，属京师直隶和州。清顺治二年（1645年），含山属江南左布政使司直隶和州。康熙六年（1667年）属安徽布政使司直隶和州。中华民国元年（1912年），废道、府、州，含山县直属安徽省。民国三年至十七年（1914年—1928年），属安庆道。民国二十七年（1938年），日军侵占含山县城，国民党政府转移谢集乡农村。民国三十八年（1939年）4月3日迁回县城。民国三十年（1941年）7月，县城再度沦陷，县城北迁仙踪镇。民国三十四年（1945年）7月17日县城光复，8月2日，县城由仙踪镇迁回县城。1949年1月21日含城解放，含山属江淮解放区第五专区。同年6月，改属皖北行署巢湖专区。1952年1月30日改属安徽省芜湖专区。1958年12月15日，含山县、和县合并为和含县，属马鞍山市，县治设历阳镇。1959年4月和含县属芜湖专区。1959年6月1日，含山、和县分开，各还原建制。1965年7月28日含山改属巢湖专区（后专区改为地区、行署），1999年8月5日撤销巢湖地区设地级巢湖市，属地级巢湖市，2011年8月，原地级巢湖市区域调整，含山县划归马鞍山市。,1965年7月28日含山改属巢湖专区（后专区改为地区、行署），1999年8月5日撤销巢湖地区设地级巢湖市，属地级巢湖市，2011年8月，原地级巢湖市区域调整，含山县划归马鞍山市,归属变化
呈贡县,"[云南省, 昆明市]",530121,3,del,呈贡区历史沿革编辑呈贡历史悠久，在距今3万年前的旧石器时代就有“昆明人”在此生息繁衍。春秋战国时期，呈贡属于古滇国的中心区创造了灿烂的青铜文化。西汉元封二年（公元前109年），西汉王朝在古滇国区域设置益州郡，呈贡属于益州郡谷昌县地，历经汉晋南北朝而未改。隋唐时期呈贡为昆州益宁县地。南诏大理国时期，呈贡属于三十七部强宗部，彝族先民建有呈贡城。元平大理后，先于宪宗六年（1256年）立呈贡千户，隶属善阐万户，下辖呈贡、诏营、切龙、雌甸、塔罗、罗忽、安江、安棚、大吴龙和乌纳山区。至元十二年（1275年），割呈贡、诏营、切龙、雌甸、塔罗、罗忽6城及乌纳山区首置呈贡县，为中庆路晋宁州领县。由于原呈贡千户所辖的南部地区被分设为归化县，所以区域明显缩小。不久呈贡县改为晟贡县。(7张)明洪武16年（1383年）复为呈贡县，下辖4里。清康熙7年（1668年）归化县制撤销，所辖2里并入呈贡县，并废里改乡。清雍正五年（1727年）呈贡县改属云南府晋宁州领县。民国呈贡县直隶云南省。1927年，呈贡县所辖6个乡改为4个区，区下共辖69个乡（镇）。1950年1月12日，呈贡县人民政府正式成立，隶属云南省玉溪专区，下辖平原、三台、果园、七星、梁王、海宝6个区。同年8月，并平原、三台为平原区，并果园、七星为果园区，并梁王、海宝为梁王区，3区共辖27个乡。1958年全县建为乐园、幸福2个人民公社，下辖19个管理区。同年12月10日，呈贡县建制撤销并入晋宁县为呈贡人民公社。1961年4月从晋宁县划出龙街、吴家营、大渔、洛羊、马金铺5个人民公社成立呈贡区，隶属昆明市。1963年呈贡区增设七甸人民公社，全区辖6个人民公社。1965年9月1日恢复呈贡县建制，仍隶属昆明市。1984年全县撤公社建为1镇6区，下辖59个乡、3个乡级镇和3个乡级办事处。1988年区（镇）改乡（镇），全县设龙城、洛羊2个镇和龙街、七甸、吴家营、大渔、马金铺5个乡，下辖65个办事处。1999年龙街乡更名为斗南镇，全县辖4乡3镇。2003年5月，根据云南省委、省政府提出的“一湖四环”、“一湖四片”的现代新昆明的战略构想，呈贡县的龙城镇、洛羊镇、斗南镇、吴家营乡、大渔乡的160平方千米区域被确定为现代新昆明的东城区，后又称为呈贡新城，2006年9月后改称为呈贡新区。2007年12月，呈贡县所辖龙城镇、洛羊镇、斗南镇、吴家营乡建制撤销，分别设立龙城、洛羊、斗南、吴家营4个街道，其辖区范围分别为龙城镇、洛羊镇、斗南镇、吴家营乡的辖区范围。2008年5月1日，呈贡县马金铺乡的86.88平方千米范围由呈贡县人民政府委托昆明高新技术产业开发区管理委员会管理，大渔乡的24.99平方千米范围由呈贡县人民政府委托昆明滇池国家旅游度假区管理委员会管理，洛羊街道的71．44平方千米范围由呈贡县人民政府委托昆明经济技术开发区管理委员会管理，全县辖区面积461平方千米，实管龙城、斗南、吴家营3个街道和七甸乡，实管面积277．69平方千米。2008年9月23日后，呈贡县按照县改区的体制机制，强化区的功能，弱化县的功能，减少行政层级，县、新城管委会实行老人老办法、新人新办法的原则进行实体化管理改革：成立“中国共产党昆明呈贡新区工作委员会”和“昆明呈贡新区管理委员会”，并与中国共产党呈贡县委员会和呈贡县人民政府合署办公，实行一套班子两块牌子。成立呈贡新区洛龙乌龙、雨花吴家营、龙城斗南片区建设指挥部和呈贡工业园区管理委员会（以下简称为“三部一委”），实行指挥长（主任）负责制，各部（委）设定人员为50人，主要职能是负责管辖范围内的规划设计、开发建设、征地拆迁、农民安置、招商引资、经营管理、社会事务等，并完成新区党工委（县委）、新区管委会（县政府）下达的各项任务；明确了各部（委）建设管辖范围、机制体制、人员编制、管理权限、工作经费、内部机构设置及各部（委）领导组成人员、片区实体化管理办法。同年10月6日，呈贡县将实际管理的4个乡（街道）调整设置为7个街道，为新区党工委（县委）、新区管委会（县政府）派出机构。一、保留龙城、斗南、吴家营3个街道。其中，龙城街道行政区划面积为9.47平方千米，辖城内、古城、龙街3个社区；斗南街道行政区划面积为11.27平方千米，辖殷联、斗南、梅子、江尾、小古城5个社区；吴家营街道行政区划面积为56.39平方千米，辖万溪冲、前卫营、段家营、刘家营、柏枝营、缪家营、郎家营、中庄、王家营9个社区。新增设洛龙、乌龙、雨花3个街道。其中，洛龙街道行政区划面积为17.76平方千米，辖洛龙、吴家营、白龙潭3个社区；乌龙街道行政区划面积为18.41平方千米，辖上可乐、下可乐、乌龙、七步场、三岔口、松花6个社区；雨花街道行政区划面积为16.54平方千米，辖下庄、雨花、回回营3个社区。七甸撤乡改街道，行政区划、辖区面积不变。2009年，七甸乡和已托管的大渔乡、马金铺乡先后撤乡改街道。2010年7月1日，呈贡县七甸街道的126平方千米范围由呈贡县人民政府委托阳宗海旅游度假区管理委员会管理。2011年5月20日，经国务院批准，国务院办公厅下发《关于同意云南省调整昆明市部门行政区划的批复》（国函〔2011〕58号），同意撤销呈贡县，设立昆明市呈贡区。此后、根据国务院批复，省、市、县三级党委、人大、政府、政协就呈贡县撤县设区的有关问题相继作出决定、决议。(8张)2011年11月1日，昆明市举行呈贡县撤县设区暨加快呈贡发展大会，市委、市人大、市政府、市政协主要领导分别为昆明市呈贡区委、区人大、区政府、区政协授牌授印并从即日起正式启用。2011年末，呈贡区辖龙城、斗南、吴家营、洛龙、乌龙、雨花6个街道29个社区及已托管的洛羊、大渔、马金铺、七甸4个街道36个社区，辖区面积461平方千米。呈贡区委、区政府实管龙城、斗南、吴家营、洛龙、乌龙、雨花6个街道29个社区，实管面积151.69平方千米。,2010年7月1日，呈贡县七甸街道的126平方千米范围由呈贡县人民政府委托阳宗海旅游度假区管理委员会管理 | 2011年5月20日，经国务院批准，国务院办公厅下发《关于同意云南省调整昆明市部门行政区划的批复》（国函〔2011〕58号），同意撤销呈贡县，设立昆明市呈贡区 | (8张)2011年11月1日，昆明市举行呈贡县撤县设区暨加快呈贡发展大会，市委、市人大、市政府、市政协主要领导分别为昆明市呈贡区委、区人大、区政府、区政协授牌授印并从即日起正式启用 | 2011年末，呈贡区辖龙城、斗南、吴家营、洛龙、乌龙、雨花6个街道29个社区及已托管的洛羊、大渔、马金铺、七甸4个街道36个社区，辖区面积461平方千米,撤县（市）设区
和县,"[安徽省, 马鞍山市]",340523,3,add,和县建制沿革编辑和县古名历阳，因“县南有历水”而得名。据《尚书》、《禹贡》、《通典》、《元和郡县志》、《太平寰宇记》等史料记载，历阳周朝属扬州之邑，春秋属吴，吴亡入越，越亡入楚。战国楚东侵至泗上，遂属楚。秦嬴政元年（公元前221年），秦兼并诸侯统一中国，分为36郡。灭楚，置历阳县，属九江郡。汉高帝四年（公元前203年），历阳属淮南国。王莽时期（公元前9—13年），一度改为明义县。东汉分十三州郡，历阳属扬州，治所历阳。三国时期（220—265）属吴为重镇。晋太康六年（285），属扬州淮南郡。永兴元年（304），分淮南郡之乌江、历阳、阜陵、龙亢四县，置历阳郡。宋（南北朝）永初三年（422），历阳郡属南豫州，辖历阳、乌江、龙亢三县。文帝元嘉七年（430），罢南豫州并豫州，历阳郡属豫州。元嘉八年（431），历阳郡辖历阳、乌江、龙亢、雍邱、赞阝县五县。孝武帝大明三年（459），分淮南北，复置二豫州，历阳郡属南豫州。大明五年（461），乌江县与怀德县合并，立临江郡。历阳郡辖历阳、龙亢、雍邱、赞阝县四县。永光元年（465），撤临江郡，乌江县仍属历阳郡。元徽元年（473），赞阝县划归新昌郡。永明二年（484），雍邱县划归陈留郡，历阳郡辖历阳、龙亢、乌江三县。北齐天保六年（555），齐、梁在历阳协和，改历阳为和州。隋大业三年（607），复置历阳郡，下辖历阳、乌江二县。唐武德三年（620）复为和州。武德六年（623），和州辖历阳、乌江、含山三县。贞观元年（627）和州属淮南道，辖历阳、乌江二县。武后长安四年（704），和州辖历阳、乌江、武寿（今含山）三县。天宝元年（742），和州复改为历阳郡，辖历阳、乌江、含山三县。乾元元年（758），历阳郡仍改为和州，属淮南节度使。宋代和州为上州，置和州防御使，统于淮南西路。元至元十三年（1276），置和州镇守万户府，属淮西总管府。至元十四年（1277），改置和州安抚司，至元十五年（1278），和州安抚司升为和州路，辖历阳、乌江、含山三县。至元二十八年（1291）和州路复降为和州，属庐州路。明洪武七年（1374），属凤阳府，不久直属南京。洪武十三年（1380），设直隶和州，属京师，下辖含山县。清顺治二年（1645）和州属江南左右布政使司。乾隆八年（1753），属安徽巡抚部院，安庐滁和道。1911年11月12日，和州光复，结束了几千年的封建统治，改和州为和县，直属省都督。民国21年（1932），属安徽省第五行政专员督察区。民国29年（1940）4月，日军侵占和城，汪伪成立和县公署。国民党县政府迁至善厚集。民国31年（1942），新四军在抗日根据地功剩桥南陈村，成立和含行政办事处，后成立和县县政府。1948年7月，成立和含爱国民主县政府，同年11月，和、含划开。1949年1月成立和县民主县政府。1949年4月23日，和县全境解放，同年10月，改为和县人民政府，属巢湖地区。12月，划归南京市管辖。1950年春，仍属巢湖地区。1952年，属芜湖地区。1958年12月，和县与含山县合并成立和含县，划归马鞍山市。1959年4月，仍归属芜湖地区，同年5月，和含县划开。1965年，隶属巢湖专区管辖。2011年8月，经国务院批准（国函〔2011〕84号），和县（除沈巷镇）划入马鞍山市。,2011年8月，经国务院批准（国函〔2011〕84号），和县（除沈巷镇）划入马鞍山市,归属变化
望城县,"[湖南省, 长沙市]",430122,3,del,望城区历史沿革编辑望城，古为荆楚地，自秦，汉设郡、县，经三国、晋、隋、唐及五代，历为长沙郡、长沙国、长沙县辖县；至宋元符元年（1098年），经元、明、清各朝，县境分属长沙、善化两县。1951年，从长沙县境划出湘江以西及湘江东岸北部部分地区置望城县。因县治设于望城坡（今属岳麓区），故名望城县。1959年撤销望城县并入长沙县。1977年恢复望城县建制，隶属长沙市，县人民政府驻城关镇，距省会长沙市26公里，辖城关、丁字、铜官、靖港、乔口、坪塘6镇及30乡，25个居民委员会，451个村民委员会。1996年4月22日，国务院批准（国函[1996]29号）将望城县的霞凝乡划归开福区管辖，天顶乡划归岳麓区管辖。2000年，望城县辖15个镇、4个乡，总人口686349人。2000年第五次人口普查，望城县常住总人口686349人，其中，高塘岭镇65403人，桥驿镇37138人，丁字镇39124人，茶亭镇29805人，东城镇16324人，铜官镇23835人，靖港镇32249人，乔口镇30106人，乌山镇37631人，星城镇39603人，雷锋镇29784人，雨敞坪镇28981人，莲花镇42106人，坪塘镇55520人，含浦镇38847人，格塘乡29084人，新康乡31495人，黄金乡40396人，白箬铺乡38918人。2005年底，望城县辖16个镇、3个乡：高塘岭镇、桥驿镇、丁字镇、茶亭镇、东城镇、铜官镇、靖港镇、乔口镇、乌山镇、星城镇、雷锋镇、雨敞坪镇、莲花镇、坪塘镇、含浦镇、白箬铺镇、格塘乡、新康乡、黄金乡。2008年，湖南省民政厅批准（湘民行发[2008]3号）：将望城县含浦、坪塘、莲花3个镇成建制划归岳麓区管辖，3个镇的行政建制、人口、面积、所辖村（居）委会个数、政府驻地均不变。行政区划调整后，望城县总面积1046.42平方千米，总人口56.63万人，辖13个镇、3个乡：高塘岭镇、桥驿镇、丁字镇、茶亭镇、东城镇、铜官镇、靖港镇、乔口镇、乌山镇、星城镇、雷锋镇、雨敞坪镇、白箬铺镇、格塘乡、新康乡、黄金乡。同年，湖南省民政厅批准（湘民行发[2008]9号）：将望城县雨敞坪镇成建制划归长沙市岳麓区管辖。行政区划调整后，望城县总面积969.42平方公里，总人口53.18万人，辖12个镇、3个乡：高塘岭镇、桥驿镇、丁字镇、茶亭镇、东城镇、铜官镇、靖港镇、乔口镇、乌山镇、星城镇、雷锋镇、白箬铺镇、格塘乡、新康乡、黄金乡。其中，雷锋镇委托长沙高新技术开发区管理。县政府驻高塘岭镇，计划行政中心迁至星城镇同心村竹山坡村。（湘民行发[2008]9号）2005年底，望城县辖16个镇、3个乡：高塘岭镇、桥驿镇、丁字镇、茶亭镇、东城镇、铜官镇、靖港镇、乔口镇、乌山镇、星城镇、雷锋镇、雨敞坪镇、莲花镇、坪塘镇、含浦镇、白箬铺镇、格塘乡、新康乡、黄金乡。2008年6月，望城县将雷锋镇委托长沙高新技术产业开发区管理（雷锋镇范围内的人大、政协、人武工作仍由望城管理；其他党务群团、行政、经济、社会事务等管理工作全部委托高新区实行统一管理）。同年，湖南省民政厅批准（湘民行发[2008]3号）：将望城县含浦、坪塘、莲花3个镇成建制划归岳麓区管辖，湖南省民政厅批准（湘民行发[2008]9号）：将望城县雨敞坪镇成建制划归长沙市岳麓区管辖。2011年6月，撤销湖南省望城县设立长沙市望城区，以原望城县的行政区域为长沙市望城区的行政区域。区人民政府驻高塘岭镇。望城撤县设区后，辖丁字镇、桥驿镇、茶亭镇、东城镇、铜官镇、乔口镇、靖港镇、乌山镇、高塘岭镇、星城镇、雷锋镇、白箬铺镇、格塘镇、黄金镇和新康乡等14镇1乡，总面积969平方千米，总人口53.68万人。。2012年6月，经省民政厅批准，撤销长沙市望城区高塘岭镇、星城镇、黄金镇、丁字镇，设立高塘岭街道、星城街道、黄金街道、丁字街道四个街道办事处，行政区划调整后，望城区辖4个街道、10镇、1乡。2012年8月，经长沙市民政局批准，撤销长沙市望城区高塘岭街道、星城街道、黄金街道、丁字街道，分别设立高塘岭街道、喻家坡街道、白沙洲街道、大泽湖街道、月亮岛街道、黄金园街道、廖家坪街道、金山桥街道、丁字湾街道、书堂山街道十个街道办事处，行政区划调整后望城区辖10街道、10镇、1乡。2014年4月，望城区将廖家坪街道成建制整体委托给长沙市高新区管理。2015年，根据望城区乡镇区划调整方案，将靖港镇和格塘镇成建制合并设立靖港镇；将新康乡和高塘岭街道成建制合并设立高塘岭街道；将茶亭镇和东城镇成建制合并设立茶亭镇；将东城镇慎家桥社区五杉片（含跃进、染匠、禾家、姚家、五杉、大官、鱼心7个居民小组）划入铜官镇华城村，将茶亭镇郭亮村划入铜官镇，将铜官镇和书堂山街道成建制合并设立铜官街道；将乌山镇和喻家坡街道成建制合并设立乌山街道；将雷锋镇和廖家坪街道成建制合并成立雷锋街道。合并后乡镇政府和街道办事处驻地设在命名的相应原乡镇、街道驻地。行政区划调整后望城区共减少6个乡级建制，现望城区辖5个镇、10个街道。望城区地理环境编辑望城区位置境域望城区地处洞庭湖南缘、长浏盆地的西部，长衡丘陵向滨湖平原过渡的地带，地理上位于位于湖南中部偏北、长沙城区北半部，位于东经112°35′48″～113°02′30″和北纬27°58′28″～28°33′45″之间。望城区地形地貌望城整个地形由南向北倾斜，呈不规则的长方形。东北部群山绵亘，黑麋峰为其最高峰，海拔590.5米，山脉向西南延伸，止于湘江东岸，区域内岗地面积较大，岗顶多为平展伸延，地表缓和起伏；西南部嵇珈山海拔474.2米，自宁乡逶迤起伏东来，群峰耸立，层峦叠嶂；西北部为滨湖冲积平原区，土地平旷，渠沟纵横，内有团头湖为境内最大的湖泊，湛湖海拔23.5米，为全区最低处；中部多为丘陵岗地海拔在60～150米之间。望城区气候特征望城区属中亚热带季风湿润气候，气候温和，热量丰富，年平均气温17℃，日照1610小时。1月为一年中气温最低的一个月，平均气温为4.4度，7月为气温最高，平均30℃。望城区水系水文河流：境内河流为湘江及其支流，以湘江河为界，从河西流入湘江的有柳林江、撇洪河、沩水河、八曲河、马桥河、大泽湖水系、龙王港、观音港和百泉河，其中最有名的为沩水河。从湘江东岸流入的有黄龙河、石渚河与霞凝河。湖泊：较大的湖泊有团山湖、天井湖和格塘水库，其他库容量100—1000万立方米有，黄金乡的观音岩水库、茶亭镇境内的茶亭水库都很有名。望城区自然资源编辑望城区物产丰富，主产稻谷，盛产鲜鱼，素称“鱼米之乡”。境内地下矿藏已查明的有金、铁、锰、磷、石灰石、花岗岩、玄武岩、陶土等30多种，共有矿产地65处，其中丁字的花岗石质地坚硬，铜官陶土细腻洁白，均久负盛名。区域内植被以亚热带常绿针阔叶林为主，树种资源丰富，自然生长和引进栽培树种70科、274种，竹类7种，主要林木有杉、松、樟、椿、柑橘、楠竹等。望城区人口概况编辑截至2016年末，望城区户籍人口55.49万人（不含雷锋街道），比上年末增加2.16万人。户籍人口中男性27.67万人，女性27.82万人。人口出生率为16.0‰，人口死亡率为5.4‰，人口自然增长率为10.6‰。,2011年6月，撤销湖南省望城县设立长沙市望城区，以原望城县的行政区域为长沙市望城区的行政区域,撤县（市）设区
无为县,"[安徽省, 巢湖市]",341422,3,del,无为县历史沿革编辑无为县名“始于城口置无为军，思天下安于无事，取无为而治之意以名之”。夏朝末年，成汤将桀流放到古巢国，也就是今天的无为境内。春秋战国时，无为县境属楚居巢。东周时（周顷王四年起），楚国和吴国多次在此交战。起初楚国在争夺中占优势，于灵王二十四年占领了巢国全境，后于景王七年灭巢。但此后吴国于景王八年敬王元年、二年、十一年、十二年多次击败楚国，并最终于吞并巢国。战国期间，无为属楚国。秦始皇二十六年（前221年）属九江郡居巢县。西汉高帝四年（前203年）属淮南国居巢、临湖、襄安县。文帝十六年（前164年）属庐江国居巢、临湖、襄安县。景帝四年（前153年）罢庐江国为庐江郡。东汉初平四年（193）属庐江郡居巢、襄安县。三国时属吴庐江郡濡须。晋太康元年（280）属庐江群居巢、临湖、襄安县。咸和四年（329）属豫州。太元（376-396）中，在县境西北侨置扶阳县。南朝时，梁太清元年（547）属南谯郡蕲。隋开皇元年（581）属庐州襄安县，县治在今巢湖市区东北2.5公里处。始设无为镇（今无城镇）。唐武德三年（620）以襄安县地置巢州，又在县境西北置开城、扶阳县。七年（624）废开城、扶阳县，改巢州为巢县，无为镇属之。北宋太平兴国三年（978）置无为军，领巢县、庐江二县。熙宁三年（1070）析巢、庐江二县地置无为县。元至元十四年（1277）升无为军为无为路，属江淮行省。二十八年降为无为州，领无为、庐江、巢县三县。明洪武元年（1368）无为州领巢县1县，属中书省。不久复属庐州府。清雍正二年（1724）无为州不领巢县，与合肥、舒城、庐江、巢县同属庐州府。清咸丰三年（1853）9月6日（农历八月初五）太平军攻克无城。是年　太平军占领无为州后，与清军交战于裕溪、运漕、黄雒，清军大败。运漕的16万石存米被太平军运到南京。咸丰十一年（1861）10月（农历九月）　太平军与清军大战，失无城。是年太平军扼守泥汊、神塘，阻止清军沿江东下。清军掘开凤凰颈大堤，水淹太平军，太平军失利。民国元年（1912）4 月，改无为州为无为县，仍属庐州府。民国3年6 月属安庆道，民国17年废道，直属安徽省。民国21年属安徽省第二行政督察专员公署。民国27年7月属第五专署，10月属第三专署。民国29年4 月属第一专署 。1927年8月，中国共产党开始在无为建立组织。土地革命战争时期，中共无为县委组建苏维埃政权，领导无为县人民举行“六洲暴动”，揭开了无为人民武装夺取政权的序幕。抗日战争时期，中国共产党领导抗日军民独立自主地开展武装斗争，使无为发展成为全中国十九块抗日根据地之一——皖江抗日根据地的中心区。全县计有无为、临江、湖东、无南等4 个县行政区和1个准县级的江流行政办事处，隶属皖江行政公署领导。解放战争时期，无为全境仍按照抗战时期区划一分为四，共辖21个区（镇），隶属皖西第四专员公署。此期，全县人民掀起“支前参战”热潮，“渡江第一船”率先自无为泥汊江岸发出。1949年1月21日无为县解放。1949年7月，无为全境的4 个县级行政区正式合并，成立统一的无为县。中华人民共和国成立以后，无为县始属皖北行署巢湖专区。1952年1 月属安徽省芜湖专区，1965年7月复属巢湖专区，2000年隶属新设立的巢湖市。2011年7月14日，《国务院关于同意安徽省撤销地级巢湖市及部分行政区划调整的批复》（国函[2011]84号）：将原地级巢湖市管辖的无为县划归芜湖市管辖，和县的沈巷镇划归芜湖市鸠江区管辖。区划调整后，芜湖市辖4个市辖区、4个县。2013年3月，经省政府同意，省民政厅批复同意芜湖市鸠江区与无为县部分行政区划调整，将无为县的二坝镇、汤沟镇划归芜湖市鸠江区管辖（4月1号芜湖市正式宣布将无为县二坝镇汤沟镇划归鸠江区管辖）。调整后，无为县辖21个乡镇，面积2206平方千米，人口130.8万人；鸠江区辖3个镇和7个街道，面积697平方千米，人口48.2万人。2016年，撤销十里墩乡，设立十里墩镇，镇政府仍驻十里社区（原十里墩乡政府驻地）；撤销鹤毛乡，设立鹤毛镇，镇政府仍驻鹤毛社区（原鹤毛乡政府驻地）。至此，全县辖18个镇、2个乡。,2011年7月14日，《国务院关于同意安徽省撤销地级巢湖市及部分行政区划调整的批复》（国函[2011]84号）：将原地级巢湖市管辖的无为县划归芜湖市管辖，和县的沈巷镇划归芜湖市鸠江区管辖,
庐江县,"[安徽省, 巢湖市]",341421,3,del,庐江县历史沿革编辑庐江县地名由来“庐江”，最早出现于《山海经·海内东经》的一条江名，现为哪条水流尚无定论。后郡因江名，县因郡名，延续至今。庐江又名潜（潜川），始于南朝梁（《梁书》、《魏书、地形志》）。“庐江郡”设于西汉初。“庐江县”名始于隋（《隋书、地理志》），另说始于南朝梁（《太平寰宇记》），两说时间仅相差几十年。庐江县建置沿革春秋时期属舒国，徐人取舒后，为楚地。秦代，先属九江郡，后属衡山郡。汉代，为舒县，初属淮南国衡山郡，后属衡山国、衡山郡。武帝元狩二年（前121）废江南庐江郡，分衡山东部、九江郡南部置新庐江郡，舒县属庐江郡。三国时期，先后分属为吴庐江郡（治皖），魏庐江郡（治阳泉）。西晋，仍为舒县，属豫州庐江郡（治阳泉）。南北朝时期，梁天监元年（502年），置湘州，改舒县名潜，为庐江郡治。隋代，开皇元年（581年），罢庐江郡置庐州，迁庐州治于合肥；大业三年（607年），复改庐州为庐江郡，州、郡治移建于合肥，为存旧名，改旧治为庐江县。唐朝，开元二十三年（735年）分合肥、庐江地置舒城县。宋代，析庐江、巢县地设无为县。元朝， 县境仍沿旧域。明代，属庐州府；崇祯八年（1635年），农民起义军贺一龙、马守应由巢县经盛家桥，攻克庐城；崇祯十五年（1642年），张献忠再次攻克庐城。清朝，顺治二年（1645年），属江南布政使司庐州府；顺治十八年（1661年），属江南左布政使司庐州府；康熙六年（1667年），改左布政使司为安徽布政使司，庐江县属安庐滁和道庐州府。中华民国元年（1912年），庐江县直属安徽省；民国三年（1914年）至民国十七年年（1928年），隶安徽省安庆道；民国二十一年（1932年），庐江县隶安徽省第二行政督察区专员公署（驻芜湖）；民国二十七年（1938年）7月，改属五区（驻含山）；民国二十七年（1938年）10月改属三区（专署先后驻立煌、庐江、桐城）；民国二十九年（1940年），属一区（专署先后驻桐城、太湖、怀宁）；民国三十六年（1947年），改属九区（专署驻巢县），12月划庐南砖桥至大凹口一带置桐庐县；民国三十七（1948年）8月，割巢湖南岸之庐北地带置湖西县；民国三十八年（1949年）4月和7月，桐庐、湖西两县先后撤销。中华人民共和国成立后，初属皖北行署巢湖专区；1952年，属安徽省芜湖专区；1958年7月，划归六安专区；1965年7月，复设巢湖专区，庐江划归巢湖专区；2004年，庐江县将32个乡镇调整为28个乡镇。2005年，全县辖17个镇。2011年8月，经国务院批准，撤销地级巢湖市，庐江县划归合肥市管辖。,2011年8月，经国务院批准，撤销地级巢湖市，庐江县划归合肥市管辖,归属变化
江都区,"[江苏省, 扬州市]",321012,3,add,江都区历史沿革编辑汉元封五年（公元前106年），江都和广陵两县各划部分地域建舆县。梁朝（502年后），江都县历北齐、陈、北周，时废时置。北齐、北周复立江都县时，均隶属江阳郡。隋开皇初年（581年后），江都县属吴州。隋开皇九年（589年），直属扬州。隋大业元年（605年），隶属江都郡。唐武德三年（620年），江阳县并入，江都县又划分至兖州。唐天宝元年（742年后），江都县又先后隶属广陵郡、江都府。宋至道三年（997年），江都县属淮南东路，与广陵县同属扬州府，史称“一府两县”。元至正十七年（1357年），朱元璋占领南京后，江都县先后隶属淮海府、维扬府、扬州府。清雍正九年（1731年），析江都以西之地为甘泉县，同受治于扬州府。1911年底，甘泉县又并入江都县。江都县抗日民主政府成立后，为适应革命斗争形势的需要，曾三次以通扬运河为界分县：1942年9月，第一次分县，通扬运河北称江都县，通扬运河南称邗东县，1943年4月两县合并称江都县；1945年4月两县合并称江都县；1948年11月第三次分县，河北称江都县，河南又称邗东县，1949年1月两县合并仍称江都县。建国后，江都县治所设于仙女镇，江都县的辖境包括邗江区。1956年设仙女镇以西之地为邗江县。1994年7月，江都撤县设市。2011年11月13日，经国务院批准，正式撤市设区，称为扬州市江都区。,2011年11月13日，经国务院批准，正式撤市设区，称为扬州市江都区,撤县（市）设区
维扬区,"[江苏省, 扬州市]",321011,3,del,维扬区历史沿革编辑维扬区维扬之名最早载于公元前约五世 纪由孔子编撰的《尚书禹贡》。隋、唐时期，维扬 历史空前辉煌，有之美誉，历史上最早的扬州城即诞生在今 维扬区的土地上，是古城扬州的发祥地。民政部2002年11月11日，经国家和省政府批准，原扬州市郊区自即日起，正式更名为“维扬区”。原扬州市郊区设置于1983年扬州地市合并之时，近20年来，该区经 济、社会事业迅 猛发展，已建成为 扬州市的重要城区。“维扬”是古代扬州著名称谓之一，更名“维扬”，是力求“古代文明与现代文明交相辉映”之意。维扬区更名后，原隶属关系、管辖范围不变。维扬之名最早载于 公元前约五世纪由孔子编 撰的《尚书禹贡》。隋、唐时期，维扬历史空 前辉煌，有之美誉，历史上最早的扬州城即诞生在今维扬区的土地上，是古城 扬州的发祥地。 （ 民政部2002年11月11日批准（民函[2002]182号）：扬州市郊区更名为维扬区。原扬州市郊区设置于1983年扬州地市合并之时， 近20年来，该区经济、社会事业迅猛发展，已建成为 扬州市的重要城区。2002年11月11 日扬州市郊区更名为维扬区。2004年底，维扬区辖4个 街道、3个镇、3个乡（其中2个街道、2个 镇实际上由扬州 经济开发区管辖）。双桥街道　梅岭街道扬子津街道　文汇街街道八里镇　面积24.00平方千米，人口22394人。　施桥镇　面积23.06平方千米，人口38312人。西湖镇　面积28.00平方千米，人口28787人。　双桥乡　面积 9.00平方千米，人口14688人。城北乡　面积22.00平方千米，人口22181人。　平山乡　面积13.20平方千米，人口12738人。维扬区风土人情编辑黄鼎铭《望江南百调》云：扬州好，傀儡戏登场。凡事由人阴簸弄，此身枉自负昂藏。木偶也冠裳。这首词描写了清代扬州木偶戏的演出。木偶戏，又称为“傀儡戏”、“窟儡戏”。早在唐代，扬州就已经有木偶戏的表演，在唐人韦绚著的《刘宾客佳话录》、明代王衡著的《真傀儡》杂剧中，就记载了唐代淮南节度使杜佑在扬州街市上看“盘铃傀儡”的故事。到了清代，扬州的木偶戏伴随着扬州戏曲的繁荣，也盛极一时，当时的扬州城乡，同时有三大种类的木偶戏演出，这就是：提线木偶，布袋木偶和杖头木偶。关于提线木偶，郑板桥在《咏傀儡》一诗中写道：笑尔胸中无一物，本来朽木制为身。衣冠也学诗文辈，面貌能惊市井人。得意那知当局丑，旁观莫认戏场真。纵教四肢能灵活，不藉提撕不屈伸。郑板桥的这首诗写到“纵教四肢能灵活，不藉提撕不屈伸”，这显然是提线木偶的操纵特点。提线木偶又叫“悬丝木偶”，是在木偶的各个关节连缀细线，操纵者在上方，通过提线来控制木偶的动作。关于布袋木偶，《扬州画舫录》卷十一中记载了一种“肩担戏”，这“肩担戏”实际上就是我们今天所说的布袋木偶，这则记载云：……又围布作房，支以一木，以五指运三寸傀儡。金鼓喧嗔，词白则用叫嗓子，均一人为之，谓之“肩担戏”。这种布袋木偶是用布扎成围子，演员蹲在布围里，不露头脸。但演员的双手能同时顶出几个木偶，外伸到台口进行表演，双足又能同时操纵鼓锣钹钗，犹如一班鼓锣乐队，演员的口中还要含个叫子，或唱或吹，能模仿出各色人等的声音。演员仅靠自己一个人的四肢和嘴，就能操纵演出一台戏，常常令观者叫绝。关于杖头木偶，李斗在《扬州画舫录》中也有记述，该书卷十三中写道：韩园在长堤上，……常演窟儡子，高二尺，有臀无足，底平，下安卯榫，用竹板承之。杖头木偶，又叫“托偶”。这种木偶是用一根面棍（又叫“命棍”）托　撑偶头，用两根挑子控制手臂，依靠这三根棍子操纵木偶的各种动作，故这种木偶又称为“三根棒”。在三大种类的木偶演出中，杖头木偶由于仿真感强，富有表现力，演出效果生动，后来就逐渐成为扬州木偶的主要种类，本世纪五十年代以来，扬州的木偶戏主要是杖头木偶。从上述史料记载看，扬州称得上是木偶之乡。从现实状况看也是这样，仅旧时的扬州泰兴，在四十年代末，全县就有一百多家木偶戏班。里下河一带的兴化、高邮也有许多木偶戏班常年活动。五十年代，许多戏班到外地演出，有的就在演出地登记，成为当地的木偶剧团。八十年代，各种新型娱乐项目不断普及，但泰兴仍有十几家木偶戏班常年演出。现今的扬州木偶剧团就是在泰兴木偶戏班的基础上组建起来的。扬州邻近的县市乡村一直有请戏班子到村庄里演戏的习俗，扬州近郊一带多数是请扬剧小戏班，到了江都、泰兴一带则是请木偶戏班。因此，许多木偶戏班为适应这种需要，把台面做成楼台式小舞台，一般二米多高，三米多宽，可以搭台在村头的空地和打麦场上，也可在乡村集市的绿树丛中，若是雨雪天，还可以搭进农家的堂屋里。由于木偶戏可以深入到村庄里、农户家，所以很受乡村民众的喜爱。乡村百姓请戏班，有的是一户人家单独请，也有几户联请，也有全村庄公请。邀请者俗称为“主家”。主家为什么要请戏班子到村中演戏呢？大体有三种情况：一是农闲期间庆祝丰收，在传统节日中，如春节、元宵等，庄上人请来戏班热闹热闹。二是家中有大事，如生子、进宅、祝寿、孩子考取大学等，请来戏班祝贺喜庆，另外丧事出殡也有请戏班子的，这些都带有酬宾的性质。三是生病痊愈、或是为其他事酬神还愿的。第一种情况以全村庄公请为主，后两种情况则以个人单请为多。但不论哪一种情况请来戏班子，全村庄的男女老少，以及外村庄的都可以前去观看，有的人家事前还专程邀请亲朋好友和乡亲们上门看戏。每逢村里有戏班子来，乡亲们都像过节一样，有的人家在村口远远地插上彩旗，一路上一直插到演出场所，如同路标一样，把宾客一直引到戏台前。木偶戏班把台搭好后，主家便燃放起“天地响”和“长鞭”，借助震天动地的鞭炮声告知乡亲们，戏班演出即将开始了，大伙儿便闻声从四面八方涌来。接着，戏班里的文武场便开始闹台。随着热闹的锣鼓声，主家（主要是私人）常常还有请神仪式，请来祖宗和各方神灵共同欣赏木偶演出。有人认为戏是演给神灵看的，使神灵愉悦，保佑全家，是主家的心愿。戏班正式开演前，民众常常会要求加演“跳加官”和“跳财神”等喜庆折子戏。随后便由主家点戏，剧目多为传统戏剧中的武戏。这类戏都是从其他剧种移植的，情节变化快，人物动作多，适合木偶表演，如《穆桂英大破天门阵》、《黄忠刀劈夏侯渊》、《水漫金山》、《猪八戒招亲》等。有时，观众的兴趣很高，戏班能一出接着一出地演，从傍晚一直演到深夜。扬州木偶艺人为充分表现木偶的特点，在扬长避短中体现出自己的特色。他们对原有剧目，仅是保留了民众喜闻乐见的故事梗概，但在细节、台词、唱念、做打等方面，改动很多。这种改动使剧情更适合木偶表演的特性，使观众从木偶自身的呆板笨拙中，看到操纵技艺的精巧奇妙，从而领略到“偶味”的魅力。如木偶演出中常有一个丑角穿插上场，这个丑角木偶，头上留有小辫子，脸谱也画得滑稽可笑，但他的身份依据剧情的需要，却是多变的（偶头是同一个，只要换上外衣，角色就能转换），可以是兵士、门官，也可以是书僮、家佣，甚至还可以扮成县官、秀才。他的拿手好戏是：忽然竖起小辫子，颤巍巍地转，以示幽默风趣；也能凌空翻筋头，以示机智灵活；再不就是眼珠子转、上下唇动，以示狡黠调皮。每当这个丑角木偶上场，观众中一定是小孩子叫，老奶奶乐，喊好声连成一片。现今乡村木偶的演出依然受到欢迎，特别是扬州东部的县市，每到春节前后，木偶戏班走村串户，几乎没有闲暇。但相对于正规的扬州木偶剧团而言，有人称乡村木偶叫“土木偶”。其实，木偶的长处就在于“土”，就在于扬州木偶的乡土气息。正是这种乡土气息，使观众在木偶的表演中，发现了自己早已遗忘了的一颗童心，这颗童心让人唤醒了沉睡多年的、纯真的、原始的情感，这也许就是扬州人喜爱木偶戏的主要因素。扬州图书馆里有一册抄本《扬州风土词萃》，收有清代嘉道时人韩日华的一组《扬州画舫词》，其中有一首词说道：竹棚一带绿阴中，百货开场傀儡工。莫道童心还昨日，而今头脑已冬烘。韩日华的感慨还是有道理的，现代人看一看扬州的木偶戏，也许还会有这样的感慨：“莫道童心还昨日，而今头脑已冬烘。”维扬区经济概况编辑至2002年底，全区已拥有15家产值在5000万元以上重点骨干企业和68家产值在500万元以上的规模企业。2002年全区工业总 产值达49亿元，500万元以上的工业企业总产值达27.6亿元。外向型经 济方面，2002年全区共有外商独资企业34家、中外合资企业34家，累计注册 资本8683万美元。当年实现外贸出口14.7亿元，占全部工业销售的30%。维扬区已形成汽配工业、机电工业、休闲娱乐用品工业、纤纺服装工 业四大支柱行业以及工艺、食品、生物基因工程、电子通信、光学材料等 新型行业全面发展的格局。全区有10家企业产品在全省同行 中处于前10名，唐城坯布、江扬电缆、久扬渔具、亚连钢管等产品获省级名牌产品。蔬菜村、花木村、金鱼村之类的专业村占全区总数的40%以上。金鱼、蔬菜、花木 三大特色支柱产业已成为城郊 农业的“半壁江山”。2002年在区划调整后耕地面积减少21%的情况下，全年实现农业总产值2.46亿元，农业增加值1.18亿元，农民人均纯收入5285元，比上年增长7.7%，继续保持全市第一。项目建设势头良好，外资引进实现了新的突破。平山茶场与香港大威公司签约的蜀岗生态观光园总投资达1200万美元，已经市批准立项；民资项目 规模达500亩连片的枫云生态（观赏鱼）养殖园已正式开工 建设；全区引进“三资”达1230万元，超额完成招商引资任务。维扬区坚持以项目投入驱动服务业发展。通过改、扩、新建等措施，已拥 有营成额在300万元以上的市场40多家，其中年营成额千万元的重点市场13个 ，年营成额达亿元的市场8个。四季园综合农贸市场、二分明月假日山庄、扬州兴森木业等重点市场日益壮大，为维扬区服务业发展起到了良好的牵 头示范作用。此外，商业企业、仓储及房屋租赁业、餐饮及休闲沐浴业发展迅速，并取得较好 的经济效益。2002年全区实现服务业营成额48亿元，增加值5.2亿元，实现社会商品零售额11.2亿元。建筑安装业是维扬区经济发展的重要产业和财政收入的重要来源。全区拥有各类资质建安企业17家，其市场遍布 全国二十多个省、直辖市和自治区。2002年，全区建安业完成产值3.95亿元，实现利税980万元。完成施工面积58.8万平方米 ，工程合格率100%，工程优良率达70%。至2002年全区拥有三级资质以上的房地产开发企业13家，年房屋开发能力达到25万平方米，销售15万平方米，完成产值2.3亿元，实现利税1250万元。其中鸿大房地产开发有限公司、唐城房屋开发公司是国家二级资质的房地产开发企业和省级资信企业，融独立设计、现场管理,-,
卢湾区,"[上海市, 卢湾区]",310103,2,del,卢湾区建制沿革编辑朝代年份隶属说明唐天宝十年（751年〕至德三年（757年）乾宁四年（897年）江南东道吴郡华亭县高昌乡江南东道苏州华亭县高昌乡吴越苏州华亭县高昌乡分昆山、海盐、嘉兴各一部分设置改吴郡为苏州五代后康同光四年（926年）后唐长兴三年（932年）后晋天福五年（940年）吴越开元府华亭县高昌乡吴越苏州华亭县高昌乡吴越秀州华亭县高昌乡钱镠于嘉兴设开元府、划华亭归之钱元瓘罢开元府、华亭复归苏州钱元瓘于嘉兴，置秀州，华亭又属之宋太平兴国三年（978年）至道三年（997年）元丰三年（1080年）建炎元年（1127年）庆元元年（1195年）江南东道秀州华亭县高昌乡两浙路秀州华亭县高昌乡两浙西路秀州华亭县高昌乡浙西路临安府秀州华亭县高昌乡浙西路嘉兴府华亭县高昌乡钱俶纳土归宋元至元十四年（1277年）至元十五年（1278年）至元二十八年（1291年）泰定三年（1325年）天历元年（1328年）江淮行省嘉兴路华亭府华亭县高昌乡江淮行省松江府华亭县高昌乡江浙行省松江府上海县高昌乡江浙行省嘉兴路上海县高昌乡江浙行省松江府上海县高昌乡华亭升府府名更为松江分华亭东北五乡为上海县罢府改属嘉兴路复松江府明洪武元年（1368年）洪武十一年〔1378年）洪武十三年（1380年）永乐元年（1403年）南京松江府上海县高昌乡京师松江府上海县高昌乡直隶松江府上海县高昌乡南直隶（南京）松江府上海县高昌乡　　清顺治二年（1645年）康熙六年（1667年）雍正七年（1729年）江南省苏松道松江府上海县高昌乡江苏省苏松道松江府上海县高昌乡江苏省苏松太道松江府上海县高昌乡道治军务，府治民政,-,
巢湖市,"[安徽省, 巢湖市]",341400,3,del,巢湖历史沿革编辑巢湖市（原巢县）的历史源远流长，有文字记载的历史就有三千多年。商时地属南疆，故名南巢。《尚书·仲虺之诰》：“成汤放桀于南巢。”周时为巢（伯）国地。春秋时为楚属国。四至大致东到昭关（今属含山县），西至庐江，南达长江，北到巢湖。巢国多次被吴国所占，《春秋》：鲁哀公十二年（公元前483年），“公会吴于橐皋”，即今柘皋。周元王四年（公元前472年），越灭吴，巢国还楚。秦统一后，置郡县，柘皋一带为橐皋县，巢湖以南为居巢县，也作居鄛。两县均属九江郡。汉高祖四年（公元前203年）设淮南国，领居巢。景帝四年（公元前153年），居巢改属庐江郡（橐皋仍属九江郡）。东汉橐皋归逡遒县（今肥东），居巢为刘般封国，称居巢侯国。东汉末年，袁术占据淮南，重立居巢县。建安三年（公元198年），居巢属吴。二十二年曹操占居巢，此后一直隶属曹魏。西晋在原居巢境分设居巢、临湖、襄安，隶属庐江郡。南北朝设南豫州，领南礁郡；刘宋大明三年（公元459年），居巢易名蕲，隶属刘宋。萧齐因之。南梁置合州，蕲所在的南谯郡属之。隋统一后，改合州为庐州。开皇元年（公元581年），襄安改属庐江郡。据《隋书·地理志》载：襄安“有龟山、紫微山、亚父山、半阳山、白石山、四鼎山”。至此，今巢湖市东、西、北方位大致形成。唐武德三年（公元620年），析襄安为开城、扶阳两县，隶属巢州。七年州废，合两县名巢县（巢县一名，当始此），隶属庐州。贞观元年（公元627年），分天下为十道，巢县属淮南道。天宝元年（公元742年），改州为郡，隶属庐江郡。至德元年（公元756年），归淮南军领辖，次年庐江郡改为庐州，随属之。五代始属唐。天祐五年（公元908年）唐亡，归吴。后晋天福二年（公元937年）属南唐，归昭顺军。后周显德五年（公元958年）归保信军。北宋太平兴国三年（公元978年）设无为军，治所在巢县城口镇（今无为县城），领巢县、庐江二县。至道二年（公元996年），县治设巢城（今巢湖市址）。熙宁三年（公元1070年），析巢县南、庐江东置无为县。至此，今巢湖市的四至基本确定。南宋景定三年（公元1262年），升巢县为镇巢军，属沿江制置使司。元至元十四年（公元1277年）设无为路，镇巢军隶之。二十三年再称巢州。二十八年，置巢州为县。自此巢县名至改置巢湖市前一直未变。泰定二年（公元1325年）分天下为十八道，巢县属淮西道。至顺三年（公元1332年）归淮南江北行省。至正二十四年（公元1364年），朱吴设中书省，巢县隶庐州府无为州。清废州设府。顺治十八年（公元1661年），巢县属庐州府，归江南左布政使辖；康熙元年（公元1667年）改属安徽省，后属安庐滁和道辖。民国元年（1912年）元月，巢县直属安徽省。民国三年6月至民国十七年8月属安庆道，民国二十一年10月至民国27年7月属第二专区，后改属第五专区。民国二十七年10月25日改属第三专区。民国二十八年（1939年）元月改属第五专区。1949年元月13日，内定巢县属江淮解放区第五行政区，县政府设柘皋镇。4月21日改属皖北行署巢湖专区。1952年2月4日，巢县改属芜湖专区。同年县政府迁至巢城。1958年8月7日改属合肥市。1961年4月13日复属芜湖专区。1965年7月14日复设巢湖专区，专区驻巢城，巢县隶属之。1971年8月29日，巢湖专区改称巢湖地区，巢县隶属不变。1983年10月23日，省政府转发国务院批复决定，撤销巢县改置巢湖市，行政区域不变。1984年1月4日，巢湖市正式成立，仍属巢湖地区。1999年7月9日，安徽省政府批复撤销巢湖地区及县级巢湖市，设立地级巢湖市，地级巢湖市人民政府驻新设立的居巢区青年路。原县级巢湖市改为居巢区，以原县级巢湖市的行政区域为居巢区的行政区域，区人民政府驻东风路。巢湖市辖原巢湖地区的无为县、庐江县、含山县、和县和新设立的居巢区，实行市领导县、区体制。2011年7月14日，撤销地级巢湖市，设立县级巢湖市，原地级巢湖市所辖的一区四县分别划归合肥、芜湖、马鞍山三市管辖。以原居巢区的行政区域作为新设的县级巢湖市的行政区域。新设的县级巢湖市由安徽省直辖，合肥市代管。,2011年7月14日，撤销地级巢湖市，设立县级巢湖市，原地级巢湖市所辖的一区四县分别划归合肥、芜湖、马鞍山三市管辖,分解
居巢区,"[安徽省, 巢湖市]",341402,3,del,巢湖历史沿革编辑巢湖市（原巢县）的历史源远流长，有文字记载的历史就有三千多年。商时地属南疆，故名南巢。《尚书·仲虺之诰》：“成汤放桀于南巢。”周时为巢（伯）国地。春秋时为楚属国。四至大致东到昭关（今属含山县），西至庐江，南达长江，北到巢湖。巢国多次被吴国所占，《春秋》：鲁哀公十二年（公元前483年），“公会吴于橐皋”，即今柘皋。周元王四年（公元前472年），越灭吴，巢国还楚。秦统一后，置郡县，柘皋一带为橐皋县，巢湖以南为居巢县，也作居鄛。两县均属九江郡。汉高祖四年（公元前203年）设淮南国，领居巢。景帝四年（公元前153年），居巢改属庐江郡（橐皋仍属九江郡）。东汉橐皋归逡遒县（今肥东），居巢为刘般封国，称居巢侯国。东汉末年，袁术占据淮南，重立居巢县。建安三年（公元198年），居巢属吴。二十二年曹操占居巢，此后一直隶属曹魏。西晋在原居巢境分设居巢、临湖、襄安，隶属庐江郡。南北朝设南豫州，领南礁郡；刘宋大明三年（公元459年），居巢易名蕲，隶属刘宋。萧齐因之。南梁置合州，蕲所在的南谯郡属之。隋统一后，改合州为庐州。开皇元年（公元581年），襄安改属庐江郡。据《隋书·地理志》载：襄安“有龟山、紫微山、亚父山、半阳山、白石山、四鼎山”。至此，今巢湖市东、西、北方位大致形成。唐武德三年（公元620年），析襄安为开城、扶阳两县，隶属巢州。七年州废，合两县名巢县（巢县一名，当始此），隶属庐州。贞观元年（公元627年），分天下为十道，巢县属淮南道。天宝元年（公元742年），改州为郡，隶属庐江郡。至德元年（公元756年），归淮南军领辖，次年庐江郡改为庐州，随属之。五代始属唐。天祐五年（公元908年）唐亡，归吴。后晋天福二年（公元937年）属南唐，归昭顺军。后周显德五年（公元958年）归保信军。北宋太平兴国三年（公元978年）设无为军，治所在巢县城口镇（今无为县城），领巢县、庐江二县。至道二年（公元996年），县治设巢城（今巢湖市址）。熙宁三年（公元1070年），析巢县南、庐江东置无为县。至此，今巢湖市的四至基本确定。南宋景定三年（公元1262年），升巢县为镇巢军，属沿江制置使司。元至元十四年（公元1277年）设无为路，镇巢军隶之。二十三年再称巢州。二十八年，置巢州为县。自此巢县名至改置巢湖市前一直未变。泰定二年（公元1325年）分天下为十八道，巢县属淮西道。至顺三年（公元1332年）归淮南江北行省。至正二十四年（公元1364年），朱吴设中书省，巢县隶庐州府无为州。清废州设府。顺治十八年（公元1661年），巢县属庐州府，归江南左布政使辖；康熙元年（公元1667年）改属安徽省，后属安庐滁和道辖。民国元年（1912年）元月，巢县直属安徽省。民国三年6月至民国十七年8月属安庆道，民国二十一年10月至民国27年7月属第二专区，后改属第五专区。民国二十七年10月25日改属第三专区。民国二十八年（1939年）元月改属第五专区。1949年元月13日，内定巢县属江淮解放区第五行政区，县政府设柘皋镇。4月21日改属皖北行署巢湖专区。1952年2月4日，巢县改属芜湖专区。同年县政府迁至巢城。1958年8月7日改属合肥市。1961年4月13日复属芜湖专区。1965年7月14日复设巢湖专区，专区驻巢城，巢县隶属之。1971年8月29日，巢湖专区改称巢湖地区，巢县隶属不变。1983年10月23日，省政府转发国务院批复决定，撤销巢县改置巢湖市，行政区域不变。1984年1月4日，巢湖市正式成立，仍属巢湖地区。1999年7月9日，安徽省政府批复撤销巢湖地区及县级巢湖市，设立地级巢湖市，地级巢湖市人民政府驻新设立的居巢区青年路。原县级巢湖市改为居巢区，以原县级巢湖市的行政区域为居巢区的行政区域，区人民政府驻东风路。巢湖市辖原巢湖地区的无为县、庐江县、含山县、和县和新设立的居巢区，实行市领导县、区体制。2011年7月14日，撤销地级巢湖市，设立县级巢湖市，原地级巢湖市所辖的一区四县分别划归合肥、芜湖、马鞍山三市管辖。以原居巢区的行政区域作为新设的县级巢湖市的行政区域。新设的县级巢湖市由安徽省直辖，合肥市代管。,2011年7月14日，撤销地级巢湖市，设立县级巢湖市，原地级巢湖市所辖的一区四县分别划归合肥、芜湖、马鞍山三市管辖,归属变化
楚州区,"[江苏省, 淮安市]",320803,3,just_name_change,-,-,
江都市,"[江苏省, 扬州市]",321088,3,del,江都区历史沿革编辑汉元封五年（公元前106年），江都和广陵两县各划部分地域建舆县。梁朝（502年后），江都县历北齐、陈、北周，时废时置。北齐、北周复立江都县时，均隶属江阳郡。隋开皇初年（581年后），江都县属吴州。隋开皇九年（589年），直属扬州。隋大业元年（605年），隶属江都郡。唐武德三年（620年），江阳县并入，江都县又划分至兖州。唐天宝元年（742年后），江都县又先后隶属广陵郡、江都府。宋至道三年（997年），江都县属淮南东路，与广陵县同属扬州府，史称“一府两县”。元至正十七年（1357年），朱元璋占领南京后，江都县先后隶属淮海府、维扬府、扬州府。清雍正九年（1731年），析江都以西之地为甘泉县，同受治于扬州府。1911年底，甘泉县又并入江都县。江都县抗日民主政府成立后，为适应革命斗争形势的需要，曾三次以通扬运河为界分县：1942年9月，第一次分县，通扬运河北称江都县，通扬运河南称邗东县，1943年4月两县合并称江都县；1945年4月两县合并称江都县；1948年11月第三次分县，河北称江都县，河南又称邗东县，1949年1月两县合并仍称江都县。建国后，江都县治所设于仙女镇，江都县的辖境包括邗江区。1956年设仙女镇以西之地为邗江县。1994年7月，江都撤县设市。2011年11月13日，经国务院批准，正式撤市设区，称为扬州市江都区。,2011年11月13日，经国务院批准，正式撤市设区，称为扬州市江都区,撤县（市）设区
北屯市,"[新疆维吾尔自治区, 阿勒泰地区]",659005,3,add,北屯历史沿革编辑北屯位于额尔齐斯河南岸，得仁山脚下，是新中国又一颗军垦之星。这里曾是一片苇湖荒滩，没有称谓，无人定居。汉朝为西域都护府辖地，继塞种人之后有匈奴，鲜卑游牧于此。唐朝为北庭都护府辖地，先后为柔然、突厥游牧地。宋朝为蒙古游牧地，窝阔台汗国、察合台汗国辖境。元朝，为岭北行省辖境。明朝为瓦刺汗国辖境，蒙克帖木儿的封地。明代，这里才因地平如毡，被游牧于此的蒙古人称作“多尔布尔津”。清乾隆十九年（1754年），为乌里雅苏台定边左副将军治下的科布多赞大臣管辖，阿尔泰乌梁海七旗封地的阿尔泰乌梁海左翼旗和左翼后旗地。清同治六年（1867年），交布伦托海办事大臣管辖，同治八年（1869年），布伦托海办事大臣被裁撒，仍归科布多赞大臣管理。同治十年（1871年）塔尔巴哈台带兵大喇嘛棍噶扎拉参借地安置其部众及塔尔巴哈台来的难民．在现阿勒泰市解放北路市三中附近修建千佛寺，后称承化寺，自此为其借地。光绪三十二年（1906年），科布多、阿勒泰分治，设阿尔泰办事大臣管理阿尔泰地区，治所在承化寺。民国元年（1912年），改阿尔泰办事大臣为阿尔泰办事长官，直隶北京中央政府管辖。治所仍在承化寺，是其辖境。民国二年（1913年）始设承化寺县佐，属阿尔泰办事长官公署领导。民国八年（1919年），撤阿尔泰办事长官公署，改置阿山道，划归新疆省管辖，治所仍在承化寺。1949年9月，国民党新疆警备总司令陶峙岳，新疆省政府主席兼新疆保安司令包尔汉率新疆军政人员，分别于25日、26日通电起义，新疆实现和平解放。1949年12月初，中国人民解放军二军五师独立团先遣营在副团长王金玉率领下，冒着风雪严寒，日夜兼程挺进承化（今阿勒泰），把第一面五星红旗插上了阿山之巅。1949年12月20日，新疆国民党起义部队骑兵第一师师直及所属骑六旅、骑七旅被改编为中国人民解放军二十二兵团骑兵第七师，辖骑19团、骑20团、骑21团。师长韩有文，政委于春山。师部驻奇台。1950年2月中旬，中国人民解放军二军五师独立团在团长肖飞、政委杨烈光率领下，从迪化（今乌鲁木齐）出发，3月3日进驻承化（今阿勒泰）并成立承化军分区，至10月更名为阿山军分区。标志着中国共产党领导下的阿山专区建设工作正式拉开序幕，并建立了承化县人民政府，北屯之地隶属之。1950年5月24日，新疆军区军政干校挖金大队大队长麦宗禹奉王震之命，率300余人乘汽车从迪化（今乌鲁木齐）出发，6月1日抵达承化（今阿勒泰）。挖金大队隶属独立团领导。1951年8月，为执行毛主席关于1950年军队参加生产的指示，骑七师先头部队（师部特务连一个排和师直工厂、管训队、骑19团一部）在副师长韩荣福带领下从奇台乘汽车穿越准噶尔盆地东部，昼夜兼行到达承化（今阿勒泰），休整后徒步进驻巴里巴盖，开始大生产前的准备工作。到当年冬天，开挖北干大渠17千米，为来年春耕生产做好了准备。1952年2月，二军五师独立团划归骑七师建制，改番号为二十团。3月初，骑七师十九团后续部队及特务连、宣传队、文工队、教导队等师直单位在师政委于春山率领下从奇台出发，经北塔山、将军戈壁抵达承化县（今阿勒泰）巴里巴盖，成立开荒造田春播指挥部，指挥部设在东庄子。4月11日，开发建设阿山垦区的战斗正式打响。随后部队又陆续进驻切木尔切克、富蕴县可可托海及喀拉通克、青河县等地维护治安，开展生产运动。1952年5月13日，谢尔德曼、胡尔曼残匪在富蕴县沙尔布拉克伏击骑七师十九团由奇台到承化县（今阿勒泰）送军马的小分队，劫走军马112匹，并将被俘40余名战士全部杀害。惊闻此讯，骑七师奉命立即抽调19团、20团、21团共381名指战员组成14个战斗连开赴富蕴、清河进行清剿。谢尔德曼是乌斯满的长子，1951年2月19日，乌斯满在甘肃青海交界处被解放军活捉后，谢尔德曼逃窜至北塔山，与乌斯满另一部残匪胡尔曼勾结，在富蕴、清河一带祸害百姓。清剿战斗持续到1952年9月30日匪徒全部投降结束。此战共有32名指战员英勇牺牲，其中，骑七师20团副团长王金玉1952年6月28日在阿尔泰山区西岔河指挥战斗时不幸牺牲，年仅35岁。1953年3月下旬，部队整编结束，原骑七师20团、21团编为专区公安大队和建筑工程单位，19团全部及骑七师师直部分、20团部分及军区挖金大队全部编为“中国人民解放军新疆军区农业建设第28团”。团长邬佳才、政委邹兴仁、参谋长麦宗禹、政治处主任胡恒诚。同月，骑七师一部与军区后勤部运输处绥来农场和乌苏生产建设大队整编成一个生产师，同年6月改番号为“中国人民解放军新疆军区农业建设第十师”，师部驻绥来（今玛纳斯）小李庄，辖28团（28团因远离农十师师部，党政工作由阿山军分区代管）、30团和劳改支队。师长林海清、副政委刘炳正。1953年11月20日，经中央人民政府政务院批准，改承化县为阿泰县。北屯之地隶属之。1954年2月1日，经新疆省人民政府批准，改阿泰县为阿勒泰县，北屯之地隶属之。1954年10月7日，中国人民解放军新疆军区生产建设兵团成立。下辖10个农业师、1个建筑工程师等单位，总人口17.5万人。农十师隶属兵团建制。兵团机关驻乌鲁木齐。兵团党委第一书记兼政委王恩茂，第二书记、副政委张仲瀚，司令员陶峙岳。1955年1月，兵团撤销农十师建制，28团归兵团直接领导，下辖一营、二营、三营、牧场和基建大队5个营级单位。1958年8月，新疆生产建设兵团主持工作的副政委、镇边将军张仲瀚为即将恢复重建的十师师部选址定点，因“多勒布尔津”成为中国最北的屯垦戍边重地而命名“北屯”。1958年9月，28团奉命抽调战斗连队配合阿勒泰军分区进驻富蕴县围剿土匪加米西提叛乱，至1959年1月叛匪缴械投降结束。1959年1月，兵团恢复农十师番号、建制和领导机构，辖28团、29团、31团、32团、33团、34团、35团、和什托洛盖煤矿和农十师福海渔场。同年11月1日，农十师机关从巴里巴盖搬迁到北屯。1959年5月，十师抽调基建人员从巴里巴盖前往北屯，拉开北屯建设序幕。1959年11月1日，农十师师部正式迁址北屯。1960年7月，34团建制撤销，并入29团。同年8月在师基建队基础上组建工程团。1962年1月，撤销31团、32团建制，与师工矿办公室合并成立工矿处，对外称农十师云母矿，为中央和兵团双重领导企业。1962年4月，“伊塔事件”发生。5月，农十师奉命抽调值班民兵连分别进驻哈巴河县的克孜勒乌英克地区、吉木乃县的吉木乃地区和青河县执行代耕、代牧、代管的“三代”任务，维护边境地区社会和政治稳定。同年8月，自治区党委批准建立边境农场，农十师先后建立了吉木乃农场、哈巴河农场和青河农场，形成边境农场隔离带。1965年1月，十师工矿处及所属5个云母采区，28团、29团所属两个采矿队和十师云母厂移交兵团非金属公司。6月，师直农场、工程团所属农业连队、工一师五团北屯农场、师机运处机耕队合并成立十师北屯三场。1966年，北屯标入中华人民共和国新版地图。同年4月，兵团批准成立十师北屯二场。1969年7月，依兵团统编部队番号序列命令，十师28团改为181团、29团改为182团、33团改为183团、35团改为184团、哈巴河农场改为185团、吉木乃农场改为186团、北屯二场改为187团、北屯三场改为188团、福海渔场改为十师渔场、和什托洛盖煤矿改为十师煤矿、东方红毛纺厂改为北屯毛纺厂、青河农场改为青河独立营、汽车队改为汽车营，工程团番号不变。1970年2月，兵团党委批复将师工程团更名为189团，改成农业团，迁驻布尔津卡赫地区开荒生产。因条件所限，年底人员撤回。1971年1月，北屯镇革命委员会成立，为北屯镇建制之始。1974年，改北屯镇革命委员会为北屯镇人民政府，隶属阿勒泰县。1975年3月，中央11号文件规定，撤销中国人民解放军新疆军区生产建设兵团，成立新疆维吾尔自治区农垦总局，主管全疆国营农牧场的业务工作。5月，撤销十师建制，成立阿勒泰地区农垦局，原十师所属团场均划入该局领导。1976年12月，阿勒泰地委行文，改变原十师部分团场隶属关系，将185团改为国营哈巴河农场，归哈巴河县领导；186团改为国营吉木乃农场，归吉木乃县领导；182团改为国营福海县第二农场，和渔场归福海县领导；182团扎河坝煤矿归富蕴县领导；青河独立营改为青河国营农场，归青河县领导。181团、183团、187团、188团为地区直属农场。1978年3月，落实全国国营农场工作会议精神，下放到县管理的182团、十师渔场、184团、185团、186团、青河独立营陆续收归农垦局管辖。12月，十师煤矿划归农垦局领导，改名为阿勒泰地区农垦局和什托洛盖煤矿。1981年12月3日，中发45号文件《关于恢复新疆生产建设兵团的决定》。1982年2月，兵团恢复。4月1日，十师恢复原建制，隶属新疆生产建设兵团领导，原移交给阿勒泰地区管理的农牧团场、企事业单位陆续收回，师部驻北屯，政委郝兆良、师长庞德润。1983年，自治区建材局所属的新疆云母一矿、二矿、三矿、四矿及云母三厂（统称“四矿一厂”）移交十师管理。1984年11月17日，经国务院批准，撤销阿勒泰县，改置阿勒泰市；北屯镇隶属之。1997年12月，十师党委根据兵团文件，恢复189团和成立190团。原十师工程团番号撤销，在其基础上恢复和组建189团，总规划面积17.6万亩。原有工程建筑公司继续保留，对内为189团下属建筑公司，对外称新疆北屯第一建筑安装工程公司。在原农十师渔场（副团级）的基础上组建190团，总规划面积17.8万亩。1998年5月、2002年10月、2010年7月7日，十师三次向兵团上报《关于设立北屯市的请示》，建议采用师市合一的方式设立北屯市。2004年5月，十师党委对师机关和农牧团场实施机构改革。农牧团场改革是组建中心团场，将189团、190团组合到188团，188团为中心团场，189团、190团为进入中心团场的团场。将187团、青河农场组合到183团，183团为中心团场，187团、青河农场为进入中心团场的团场。2006年2月，十师党委启动新一轮农牧团场改革，将中心团场重新确定183团、187团和188团。青河农场并入183团，189团并入187团，190团并入188团。改革结束后，十师所属农牧团场由10个调整为8个，即181团、182团、183团、184团、185团、186团、187团、188团。2011年12月2日，自治区党委副书记、主席努尔·白克力签署自治区人民政府关于北屯设市报国务院会议的文件。2011年12月20日，经国务院批准，同意设立北屯市，为新疆维吾尔自治区直辖市，按照“师市合一”模式管理。2011年12月28日，新疆维吾尔自治区北屯市挂牌仪式在十师北屯市举行，新疆维吾尔自治区北屯市正式成立。2012年12月24日，经中央编办批准，兵团将13个农业师名称更名，“新疆生产建设兵团农业建设第十师北屯市”更名为“新疆生产建设兵团第十师北屯市”。,1998年5月、2002年10月、2010年7月7日，十师三次向兵团上报《关于设立北屯市的请示》，建议采用师市合一的方式设立北屯市 | 2011年12月2日，自治区党委副书记、主席努尔·白克力签署自治区人民政府关于北屯设市报国务院会议的文件 | 2011年12月20日，经国务院批准，同意设立北屯市，为新疆维吾尔自治区直辖市，按照“师市合一”模式管理 | 2011年12月28日，新疆维吾尔自治区北屯市挂牌仪式在十师北屯市举行，新疆维吾尔自治区北屯市正式成立,新增市