name,context,code,level,type,extract,rel,year
随县,"[湖北省, 随州市]",421321.0,3.0,add,2009 年 随县 获 国务院 批准 设立 现 随州市 曾都区 市政府 所在地 区划 划出 19 乡镇 成立 随县 县城 驻厉 山镇     2009 年 月 国务院 批准 设立 随县 随州市 曾都区 乡镇 随县 行政区域 月 29 日 随县 正式 成立     2009 年 设立 随县 原 曾都区 厉山 高城 殷店 草店 小林 淮河 万 吴山 唐县 尚市 新街 安居 澴 潭 洪山 长岗 三里 岗 柳林 均川 万福 19 镇 划归 随县 管辖 随县 人民政府 驻厉 山镇,新增县／市／区,2008-2009
南汇区,"[上海市, 南汇区]",310119.0,2.0,del,2009 年 月 国务院 批复 同意 撤销 南汇区 行政区域 整体 并入 浦东新区,合并,2008-2009
塘沽区,"[天津市, 塘沽区]",120107.0,2.0,del,2009 年 11 月 撤区 并入 天津市 滨海新区,合并,2008-2009
汉沽区,"[天津市, 汉沽区]",120108.0,2.0,del,2009 年 10 月 21 日 滨海新区 汉沽 管委会 工委,合并,2008-2009
大港区,"[天津市, 大港区]",120109.0,2.0,del,2009 年 10 月 21 日 国务院 批准 撤消 汉沽区 塘沽区 大港区 正式 合并 滨海新区 直属 天津市     人民网 天津 2009 年 11 月 日电 继 深圳经济特区 上海浦东新区 带动 区域 发展 新 经济 增长极 天津 滨 张 国务院 行政区划 调整 涉及 各类 机构 精简 统一 效能 原则 设置 严格执行 中央 厉行节约 国家 土地 管理 法规 政策 加大 区域 资源整合 力度 优化 总体布局 区域 经济社会 协调 健康 发展     2009 年 10 月 下旬 2010 年 月底 滨海新区 管理 体制改革 分为 五个 阶段 有序 推进     2009 年 11 月 中旬 2010 年 月 上旬 陆续 选举 第一届 区委 区 纪委 机构 区 人大常委会 区 政协常委会 人员 区政府 区长 副区长 区 法院院长 区 检察院 检察长,合并,2008-2009
红寺堡区,"[宁夏回族自治区, 吴忠市]",640303.0,3.0,add,2009 年 月 30 日 国务院 国函 2009 122 号 批复 同意 设立 吴忠市 红寺堡区 吴忠市 红寺堡 镇 太阳 山镇 大河乡 南川 乡 行政区域 红寺堡区 行政区域 区 人民政府 驻 红寺堡 镇,新增县／市／区,2008-2009
通州区,"[江苏省, 南通市]",320612.0,3.0,add,区域 地理坐标 北纬 39 ° 36 ′ 40 ° 02 ′ 东经 116 ° 32 ′ 116 ° 56 ′ 东西 宽 36.5 公里 南北 长 48 公里 面积 906 平方公里 2010 年 常住人口 129.8 万 区 人民政府 驻 北京市 新 华北 街 161 号,撤县（市）设区,2008-2009
通州市,"[江苏省, 南通市]",320683.0,3.0,del,2009 年 月 日 撤销 通州市 设立 南通市 通州区,撤县（市）设区,2008-2009
滨海新区,"[天津市, 滨海新区]",120116.0,2.0,add,张 2009 年 月 12 日 天津市 滨海新区 总 投资 超过 1.5 万亿元 加快 推进 南港 工业区 于家堡 响螺湾 中心 商务区 东疆 保税 港区 十大 工程     2009 年 11 月 国务院 正式 批复 滨海新区 行政 体制改革 方案 同意 撤销 天津市 塘沽区 汉沽区 大港区 设立 天津市 滨海新区 以原 塘沽区 汉沽区 大港区 行政区域 滨海新区 行政区域,合并,2008-2009
八道江区,"[吉林省, 白山市]",220602.0,3.0,just_name_change,2010 年 月 22 日 民政部 吉林省 白山市 八道江区 更名 浑江区 批复 民函 2010 40 号 国务院 批准 同意 白山市 八道江区 更名 浑江区,更名,2009-2010
铜山区,"[江苏省, 徐州市]",320312.0,3.0,add,2010 年 铜山县 改为 铜山区,撤县（市）设区,2009-2010
宣武区,"[北京市, 宣武区]",110104.0,2.0,del,2010 年 月 国务院 批复 同意 撤销 北京市 西城区 宣武区 设立 新 北京市 西城区 以原 西城区 宣武区 行政区域 西城区 行政区域,合并,2009-2010
崇文区,"[北京市, 崇文区]",110103.0,2.0,del,2010 年 国务院 正式 批复 北京市政府 调整 首都 功能 核心区 行政区划 请示 同意 撤销 北京市 崇文区 东城区 设立 新 东城区 以原 崇文区 东城区 行政区域 新 东城区 行政区域,合并,2009-2010
文山市,"[云南省, 文山壮族苗族自治州]",532601.0,3.0,add,2010 年 12 月 日 国务院 批准 同意 撤销 文山县 设立 文山市,撤县设市,2009-2010
文山县,"[云南省, 文山壮族苗族自治州]",532621.0,3.0,del,2010 年 12 月 日 国务院 批准 同意 撤销 文山县 设立 文山市,撤县设市,2009-2010
潞西市,"[云南省, 德宏傣族景颇族自治州]",533103.0,3.0,just_name_change,公元 2010 年 07 月 潞西市 更名 芒市,更名,2009-2010
铜山县,"[江苏省, 徐州市]",320323.0,3.0,del,2010 年 铜山县 改为 铜山区,更名,2009-2010
襄阳区,"[湖北省, 襄樊市]",420607.0,3.0,just_name_change,2010 年 12 月 日 国务院 批复 同意 湖北省 襄樊市 更名 襄阳市,更名,2009-2010
襄樊市,"[湖北省, 襄樊市]",420600.0,3.0,just_name_change,2010 年 12 月 日 正式 更名 湖北省 襄阳市 地级市,更名,2009-2010
威宁彝族回族苗族自治县,"[贵州省, 毕节地区]",522427.0,3.0,del,2013 年 月 日起 威宁彝族回族苗族自治县 贵州省 直管 试点,新增县／市／区,2010-2011
纳雍县,"[贵州省, 毕节地区]",522426.0,3.0,del,1950 年 隶属 毕节 专区 1970 年 隶属 毕节地区 2011 年 毕节地区 升级 毕节市 隶属于 毕节市,-,2010-2011
织金县,"[贵州省, 毕节地区]",522425.0,3.0,del,2011 年底 撤销 毕节地区 县级 毕节市 设立 地级 毕节市 织金县 属 毕节市,-,2010-2011
思南县,"[贵州省, 铜仁市]",520624.0,3.0,add,1949 年 隶属 铜仁 专区 1970 年 属 铜仁地区 2011 年 11 月 属 铜仁市,-,2010-2011
毕节市,"[贵州省, 毕节地区]",522401.0,3.0,del,2011 年 国务院 批准 撤销 毕节地区 设立 地级 毕节市,撤地区设市,2010-2011
毕节地区,"[贵州省, 毕节地区]",522400.0,3.0,del,2011 年 国务院 批准 撤销 毕节地区 设立 地级 毕节市,撤地区设市,2010-2011
南溪区,"[四川省, 宜宾市]",511503.0,3.0,add,2011 年 省 人民政府 同意 撤销 南溪县 设立 宜宾市 南溪区,撤县（市）设区,2010-2011
铜仁市,"[贵州省, 铜仁市]",520600.0,3.0,add,2011 年 10 月 22 日 撤消 铜仁地区 设 地级 铜仁市 撤消 原 县级 铜仁市 设 碧江区 以原 县级 铜仁市 行政区域 新 碧江区 行政区域 撤消 万山特区 设 铜仁市 万山区,撤地区设市,2010-2011
万山区,"[贵州省, 铜仁市]",520603.0,3.0,add,2011 年 11 月 国务院 批复 同意 撤销 铜仁地区 设立 地级 铜仁市 设立 万山区,新增县／市／区,2010-2011
望城区,"[湖南省, 长沙市]",430112.0,3.0,add,2011 年 月 撤销 湖南省 望城县 设立 长沙市 望城区 以原 望城县 行政区域 长沙市 望城区 行政区域,撤县（市）设区,2010-2011
万山特区,"[贵州省, 铜仁地区]",522230.0,3.0,del,2011 年 11 月 国务院 批复 同意 撤销 铜仁地区 设立 地级 铜仁市 设立 万山区,新增县／市／区,2010-2011
铜仁地区,"[贵州省, 铜仁地区]",522200.0,3.0,del,2011 年 10 月 22 日 撤消 铜仁地区 设 地级 铜仁市 撤消 原 县级 铜仁市 设 碧江区 以原 县级 铜仁市 行政区域 新 碧江区 行政区域 撤消 万山特区 设 铜仁市 万山区,撤地区设市,2010-2011
綦江县,"[重庆市, 綦江县]",500222.0,2.0,del,2011 年 10 月 撤销 重庆 万盛区 綦江县 设立 綦江区,合并,2010-2011
大足县,"[重庆市, 大足县]",500225.0,2.0,del,2011 年 10 月 国务院 批准 重庆市 撤销 双桥区 大足县 设立 大足区,合并,2010-2011
双桥区,"[重庆市, 双桥区]",500111.0,2.0,just_name_change,二十一 世纪 2011 年 10 月 24 日经 国务院 同意 重庆市 调整 行政区划 批复 国函 2011 129 号 文件 批准 10 月 27 日 重庆市 三届 人大常委会 第二十七次 会议 表决 重庆市 人民代表大会常务委员会 设立 大足区 撤销 大足县 双桥区 大足县 双桥区 合并 成立 新 大足区 大足区 原 重庆市 双桥区 行政 代码 500111 邮政编码 400900 重庆市 人民政府 开设 重庆市 双桥 经济 技术开发区 简称 经开区 派出机构 重庆市 双桥 经济 技术开发区 管理 委员会 管理 双桥 经开区 市政 基建 城市规划 统筹 发展 民生 事宜,合并,2010-2011
万盛区,"[重庆市, 万盛区]",500110.0,2.0,just_name_change,2011 年 11 月 设立 重庆市 万盛 经济 技术开发区,新增县／市／区,2010-2011
南溪县,"[四川省, 宜宾市]",511522.0,3.0,del,2011 年 省 人民政府 同意 撤销 南溪县 设立 宜宾市 南溪区,撤县（市）设区,2010-2011
含山县,"[安徽省, 马鞍山市]",340522.0,3.0,add,1965 年 月 28 日 含山 改 属 巢湖 专区 专区 改为 地区 行署 1999 年 月 日 撤销 巢湖 地区 设 地级 巢湖市 属地 级 巢湖市 2011 年 月 原地 级 巢湖市 区域 调整 含山县 划归 马鞍山市,归属变化,2010-2011
呈贡县,"[云南省, 昆明市]",530121.0,3.0,del,2010 年 月 日 呈贡县 七甸 街道 126 平方千米 呈贡县 人民政府 委托 阳宗海 旅游 度假区 管理 委员会 管理     2011 年 月 20 日 国务院 批准 国务院办公厅 下发 同意 云南省 调整 昆明市 部门 行政区划 批复 国函 2011 58 号 同意 撤销 呈贡县 设立 昆明市 呈贡区     张 2011 年 11 月 日 昆明市 呈贡县 撤县 设区 暨 加快 呈贡 发展 大会 市委 市人大 市政府 市政协 领导 昆明市 呈贡区 委 区 人大 区政府 区 政协 授牌 授印 从即日起 正式 启用     2011 年末 呈贡区 辖 龙城 斗南 吴家营 洛龙 乌龙 雨花 街道 29 社区 托管 洛羊 大渔 马 金铺 七甸 街道 36 社区 辖区 面积 461 平方千米,撤县（市）设区,2010-2011
和县,"[安徽省, 马鞍山市]",340523.0,3.0,add,2011 年 月 国务院 批准 国函 2011 84 号 县 沈巷 镇 划入 马鞍山市,归属变化,2010-2011
望城县,"[湖南省, 长沙市]",430122.0,3.0,del,2011 年 月 撤销 湖南省 望城县 设立 长沙市 望城区 以原 望城县 行政区域 长沙市 望城区 行政区域,撤县（市）设区,2010-2011
庐江县,"[安徽省, 巢湖市]",341421.0,3.0,del,2011 年 月 国务院 批准 撤销 地级 巢湖市 庐江县 划归 合肥市 管辖,归属变化,2010-2011
江都区,"[江苏省, 扬州市]",321012.0,3.0,add,2011 年 11 月 13 日 国务院 批准 正式 撤市 设区 称为 扬州市 江都区,撤县（市）设区,2010-2011
巢湖市,"[安徽省, 巢湖市]",341400.0,3.0,del,2011 年 月 14 日 撤销 地级 巢湖市 设立 县级 巢湖市 原地 级 巢湖市 所辖 一区 四县 划归 合肥 芜湖 马鞍山 三市 管辖,分解,2010-2011
居巢区,"[安徽省, 巢湖市]",341402.0,3.0,del,2011 年 月 14 日 撤销 地级 巢湖市 设立 县级 巢湖市 原地 级 巢湖市 所辖 一区 四县 划归 合肥 芜湖 马鞍山 三市 管辖,归属变化,2010-2011
江都市,"[江苏省, 扬州市]",321088.0,3.0,del,2011 年 11 月 13 日 国务院 批准 正式 撤市 设区 称为 扬州市 江都区,撤县（市）设区,2010-2011
北屯市,"[新疆维吾尔自治区, 阿勒泰地区]",659005.0,3.0,add,1998 年 月 2002 年 10 月 2010 年 月 日 十师 三次 兵团 上报 设立 北屯市 请示 建议 采用 师市 合一 方式 设立 北屯市     2011 年 12 月 日 自治区 党委 副 书记 主席 努尔 白克力 签署 自治区 人民政府 北屯 设市 报 国务院 会议 文件     2011 年 12 月 20 日 国务院 批准 同意 设立 北屯市 新疆维吾尔自治区 直辖市 师市 合一 模式 管理     2011 年 12 月 28 日 新疆维吾尔自治区 北屯市 挂牌 仪式 十师 北屯市 新疆维吾尔自治区 北屯市 正式 成立,新增县／市／区,2010-2011
观山湖区,"[贵州省, 贵阳市]",520115.0,3.0,add,2012 年 11 月 15 日 国务院 批复 同意 原金 阳新 区 基础 设立 观山湖区 下辖 原 乌当区 金阳 街道 办事处 金华 镇 朱昌镇 清镇市 百花 湖乡     2012 年 12 月 21 日 观山湖区 挂牌 成立,新增县／市／区,2011-2012
名山区,"[四川省, 雅安市]",511803.0,3.0,add,2012 年 11 月 日 撤销 名山县 设立 雅安市 名山区 以原 名山县 行政区域 名山区 行政区域,撤县（市）设区,2011-2012
曹妃甸区,"[河北省, 唐山市]",130209.0,3.0,add,2012 年 月 11 日 国务院 批准 同意 撤销 唐海县 设立 唐山市 曹妃甸区,撤县（市）设区,2011-2012
博望区,"[安徽省, 马鞍山市]",340506.0,3.0,add,2012 年 月 12 日 博望区 成立,新增县／市／区,2011-2012
双湖县,"[西藏自治区, 那曲地区]",542431.0,3.0,add,2012 年 11 月 15 日 国务院 同意 西藏自治区 设立 双湖县 批复 国函 2012 191 号 设立 双湖县 尼玛县 措折 罗玛镇 协德乡 雅曲乡 措乡 措折 强玛乡 多玛乡 巴岭 乡 划归 双湖县 管辖 以措 折罗玛镇 协德乡 雅曲乡 措乡 措折 强玛乡 多玛乡 巴岭 乡 行政区域 双湖县 行政区域,新增县／市／区,2011-2012
名山县,"[四川省, 雅安市]",511821.0,3.0,del,2012 年 11 月 日 撤销 名山县 设立 雅安市 名山区 以原 名山县 行政区域 名山区 行政区域,撤县（市）设区,2011-2012
唐海县,"[河北省, 唐山市]",130230.0,3.0,del,2012 年 月 11 日 国务院 批准 同意 撤销 唐海县 设立 唐山市 曹妃甸区,撤县（市）设区,2011-2012
胶南市,"[山东省, 青岛市]",370284.0,3.0,del,2005 年 胶南市 撤销 隐珠 灵山 卫 铁山 珠山 四个 镇 原 行政区域 设立 隐珠 灵山 卫 铁山 滨海 街道 办事处 12 月 18 日 街道 办事处 正式 挂牌 成立 2012 年 12 月 日 国务院 批复 撤销 青岛市 黄岛区   县级 胶南市 设立 新 青岛市 黄岛区   以原 青岛市 黄岛区 县级 胶南市 行政区域 新 黄岛区 行政区域,合并,2011-2012
三沙市,"[海南省, 三沙市]",460300.0,3.0,add,2012 年 月 21 日 民政部 公告 国务院 正式 批准 撤销 西沙群岛 南沙群岛 中沙群岛 办事处 建立 地级 三沙市 政府 驻 西沙 永兴岛     2012 年 月 17 日 上午 海南省 四届 人大常委会 32 次 会议 海南省 人民代表大会常务委员会 成立 三沙市 人民代表大会 筹备组 三沙市 政权 组建 工作 正式 启动     2012 年 月 23 日 三沙市 第一届 人民代表大会 开幕     2012 年 月 24 日 上午 三沙市 成立 大会 暨 揭牌 仪式 永兴岛 重达 68 吨 三沙市 碑 永兴岛 正式 揭牌 三沙市 人民政府 党委 人大 解放军 三沙 警备区 挂牌 成立     三沙市 历史沿革 简表 年代 名称 隶属 备注 先秦 涨海 含 岛礁 百越 中国 渔民 南海 打渔 秦代 涨海 含 岛礁 南海 郡 别称 朱崖海 汉代 涨海 含 岛礁 儋耳郡 朱崖 郡 西沙 始称 千里 长沙 晋代 涨海 含 岛礁 南海 郡 别称 琼海 琼洋 隋唐 南海 含 岛礁 振洲 岭南 节度使 南沙 始称 万里 石塘 宋代 南海 含 岛礁 岭南 道 广南 道 西沙 称作 九乳螺石 七州洋 元代 南海 含 岛礁 广东 道 海南 道 郭守敬 三沙市 天文 测量 明代 南海 含 岛礁 广东省 琼 州府 崖州 郑和 西洋 停驻 三沙市 海域 清代 南海 含 岛礁 广东省 琼 州府 县级 清末 南海 拟 驻 东沙 广东省 拟 升格 为府级 行政 单位 直隶 广东省 民国 南海 含 岛礁 广东省 县级 1946 年南 西 东 中沙群岛 办事处 海军 司令部 县级 1947 年南 西 东 中沙群岛 办事处 海南特别 行政区 县级 1959 年南 西 中沙群岛 办事处 广东省 海南 行政区 县级 1988 年南 西 中沙群岛 办事处 海南省 县级 2012 年 三沙市 驻 西沙 永兴岛 海南省 地级市,新增县／市／区,2011-2012
姑苏区,"[江苏省, 苏州市]",320508.0,3.0,add,新 姑苏区 2012 年 月 撤销 苏州市 沧浪区 平江区 金阊区 设立 苏州市 姑苏区 以原 沧浪区 平江区 金阊区 行政区域 姑苏区 行政区域,合并,2011-2012
金阊区,"[江苏省, 苏州市]",320504.0,3.0,del,2012 年 月 号 国务院 同意 江苏省 调整 苏州市 行政区划 批复 撤销 沧浪区 平江区 金阊区 设立 姑苏区,合并,2011-2012
阿拉山口市,"[新疆维吾尔自治区, 博尔塔拉蒙古自治州]",652702.0,3.0,add,2011 年 月 国务院 批准 设立 阿拉山口 综合 保税区     2012 年 12 月 29 日 正式 揭牌 成立 县级市,新增县／市／区,2011-2012
铁门关市,"[新疆维吾尔自治区, 阿勒泰地区]",659006.0,3.0,add,市 人民政府 驻 铁门关市 兴疆路 号 2012 年 12 月 29 日 挂牌 成立,新增县／市／区,2011-2012
乐都区,"[青海省, 海东市]",630202.0,3.0,add,2013 年 月 海东市 成立 市政府 位于 乐都区     2013 年 月 日 国务院 国函 2013 23 号 批复 同意 撤销 海东地区 乐都县 设立 地级 海东市,撤地区设市,2012-2013
南康区,"[江西省, 赣州市]",360703.0,3.0,add,2013 年 11 月 国务院 正式 批复 江西 赣州市 行政区划 调整 方案 同意 撤销 县级 南康市 设立 赣州市 南康区 同意 原 南康市 潭 东镇 潭 口镇 划归 赣州市 章贡区 管辖,撤县（市）设区,2012-2013
扎赉诺尔区,"[内蒙古自治区, 呼伦贝尔市]",150703.0,3.0,add,2013 年 月 国务院 批准 民政部 扎赉诺尔 矿区 呼伦贝尔市 扎赉诺尔区 备案 县级 行政区划 建制 扎赉诺尔 矿区 管辖 区域 扎赉诺尔区 行政区域,新增县／市／区,2012-2013
恩阳区,"[四川省, 巴中市]",511903.0,3.0,add,属 四川省 巴中 恩阳区 2013 年 月 设立 恩阳区 区治 位于 恩阳区 登科 街道,新增县／市／区,2012-2013
海东市,"[青海省, 海东市]",630200.0,3.0,add,2013 年 月 海东 撤地 设市 海东市 政府 平安县 平安区 迁至 新 成立 乐都区,撤地区设市,2012-2013
海东地区,"[青海省, 海东地区]",632100.0,3.0,del,2013 年 月 海东 撤地 设市 海东市 政府 平安县 平安区 迁至 新 成立 乐都区,撤县（市）设区,2012-2013
乐都县,"[青海省, 海东地区]",632123.0,3.0,del,2013 年 月 海东市 成立 市政府 位于 乐都区     2013 年 月 日 国务院 国函 2013 23 号 批复 同意 撤销 海东地区 乐都县 设立 地级 海东市,撤地区设市,2012-2013
南康市,"[江西省, 赣州市]",360782.0,3.0,del,2013 年 11 月 国务院 正式 批复 江西 赣州市 行政区划 调整 方案 同意 撤销 县级 南康市 设立 赣州市 南康区 同意 原 南康市 潭 东镇 潭 口镇 划归 赣州市 章贡区 管辖,撤县（市）设区,2012-2013
达川区,"[四川省, 达州市]",511703.0,3.0,add,2013 年 月 18 日 国务院 批准 撤销 达县 设立 达州市 达川区 隶属,撤县（市）设区,2012-2013
前锋区,"[四川省, 广安市]",511603.0,3.0,add,2013 年 月 22 日 国务院 批准 原 广安区 渠江 中心 主航道 为界 渠江 以东 前锋区 以西 广安区     2013 年 月 日 前锋区 人民政府 正式 挂牌 成立,分解,2012-2013
梅县区,"[广东省, 梅州市]",441403.0,3.0,add,2012 年 月 广东省政府 正式 批复 同意 梅县 西阳 镇 划归 梅江区 管辖     2013 年 10 月 国务院 同意 批准 梅州市 梅县 撤县 设区 梅州市 辖区 梅江区 同属 梅州市 区 并称 梅城,撤县（市）设区,2012-2013
达县,"[四川省, 达州市]",511721.0,3.0,del,2013 年 月 18 日 国务院 批准 撤销 达县 设立 达州市 达川区 隶属,撤县（市）设区,2012-2013
梅县,"[广东省, 梅州市]",441421.0,3.0,del,2012 年 月 广东省政府 正式 批复 同意 梅县 西阳 镇 划归 梅江区 管辖     2013 年 10 月 国务院 同意 批准 梅州市 梅县 撤县 设区 梅州市 辖区 梅江区 同属 梅州市 区 并称 梅城,撤县（市）设区,2012-2013
兖州区,"[山东省, 济宁市]",370812.0,3.0,add,2013 年 10 月 18 日 撤市 设区 兖州市 改称 兖州区,撤县（市）设区,2012-2013
溧水区,"[江苏省, 南京市]",320117.0,3.0,add,2013 年 月 国务院 省政府 批复 同意 撤销 溧水县 设立 南京市 溧水区 以原 溧水县 行政区域 南京市 溧水区 行政区域,撤县（市）设区,2012-2013
高淳区,"[江苏省, 南京市]",320118.0,3.0,add,2013 年 月 国务院 省政府 批复 同意 撤销 高淳县 设立 南京市 高淳区 以原 高淳县 行政区域 南京市 高淳区 行政区域     2013 年 月 高淳区 新晋 国保 两处 薛城 遗址 固城 遗址,撤县（市）设区,2012-2013
弥勒市,"[云南省, 红河哈尼族彝族自治州]",532504.0,3.0,add,2013 年 月 国务院 批准 撤销 弥勒县 设立 县级 弥勒市,撤县设市,2012-2013
弥勒县,"[云南省, 红河哈尼族彝族自治州]",532526.0,3.0,del,2013 年 月 国务院 批准 撤销 弥勒县 设立 县级 弥勒市,撤县设市,2012-2013
下关区,"[江苏省, 南京市]",320107.0,3.0,del,2012 年 月 幕府 山 街道 原张 王庙 社区 孙家 洼路 以南 划入 市 街道 幕府 山 街道 原 白云 新寓 社区 塘村 号 划入 宝塔 桥 街道 小市 街道 河路 道 社区 汽轮 五村 托管 汽轮 七村 安怀 新村 社区 军犬 队 家属区 绿苑 小区 防化 大队 小区 一干 北崮戎院 安怀村 455 号 小区 军械 弹药 修理所 家属区 总装 试验场 宿舍 六干 南汽 宿舍 及安怀 东路 以北 散居 划入 幕府 山 街道     2013 年 月 国务院 江苏省政府 批复 同意 方案 撤销 鼓楼区 下关区 以原 两区 辖 区域 设立 新 鼓楼区,合并,2012-2013
兖州市,"[山东省, 济宁市]",370882.0,3.0,del,2013 年 10 月 18 日 撤市 设区 兖州市 改称 兖州区,撤县（市）设区,2012-2013
白下区,"[江苏省, 南京市]",320103.0,3.0,del,2013 年 月 20 日 国务院 江苏省政府 批复 同意 方案 撤销 秦淮区 白下区 以原 两区 辖 区域 设立 新 秦淮区,合并,2012-2013
溧水县,"[江苏省, 南京市]",320124.0,3.0,del,2013 年 月 国务院 省政府 批复 同意 撤销 溧水县 设立 南京市 溧水区 以原 溧水县 行政区域 南京市 溧水区 行政区域,撤县（市）设区,2012-2013
高淳县,"[江苏省, 南京市]",320125.0,3.0,del,2013 年 月 国务院 省政府 批复 同意 撤销 高淳县 设立 南京市 高淳区 以原 高淳县 行政区域 南京市 高淳区 行政区域     2013 年 月 高淳区 新晋 国保 两处 薛城 遗址 固城 遗址,撤县（市）设区,2012-2013
柯桥区,"[浙江省, 绍兴市]",330603.0,3.0,add,2013 年 10 月 18 日 国务院 国函 2013 112 号 文件 批复 浙江省人民政府 请示 同意 撤销 县级 绍兴县 设立 绍兴市 柯桥区 行政区域 孙端 陶堰 富盛 三镇     2013 年 11 月 日 绍兴市 柯桥区 人民政府 正式 挂牌 成立,撤县（市）设区,2012-2013
上虞区,"[浙江省, 绍兴市]",330604.0,3.0,add,2013 年 10 月 撤销 县级 上虞市 设立 绍兴市 上虞区 以原 上虞市 行政区域 上虞区 行政区域,撤县（市）设区,2012-2013
龙圩区,"[广西壮族自治区, 梧州市]",450406.0,3.0,add,2013 年 月 日 梧州市 苍梧县 龙 圩镇 新地 镇 广平 镇 大坡 镇新设 龙圩区     2013 年 月 成立 梧州市 龙圩区,新增县／市／区,2012-2013
蝶山区,"[广西壮族自治区, 梧州市]",450404.0,3.0,del,2013 年 撤销 梧州市 蝶山区 设立 新 梧州市 蝶山区     以原 蝶山区 不含 夏 郢 镇 万秀区 不含 旺甫 镇 行政区域 新 蝶山区 行政区域 称为 万秀区,合并,2012-2013
扶余市,"[吉林省, 松原市]",220781.0,3.0,add,2013 年 月 24 日 国务院 批准 撤销 扶余县 设立 扶余市 县级 吉林省 直辖 松原市 代管,撤县设市,2012-2013
临桂区,"[广西壮族自治区, 桂林市]",450312.0,3.0,add,2013 年 月 18 日 国务院 同意 广西壮族自治区 调整 桂林市 行政区划 批复 国函 2013 17 号 同意 撤销 临桂县 设立 桂林市 临桂区 以原 临桂县 行政区域 临桂区 行政区域,撤县（市）设区,2012-2013
扶余县,"[吉林省, 松原市]",220724.0,3.0,del,2013 年 月 24 日 国务院 批准 撤销 扶余县 设立 扶余市 县级 吉林省 直辖 松原市 代管,撤县设市,2012-2013
福绵区,"[广西壮族自治区, 玉林市]",450903.0,3.0,add,2013 年 月 国务院 批复 同意 设立 玉林市 福绵区,新增县／市／区,2012-2013
绍兴县,"[浙江省, 绍兴市]",330621.0,3.0,del,2013 年 10 月 18 日 国务院 国函 2013 112 号 文件 批复 浙江省人民政府 请示 同意 撤销 县级 绍兴县 设立 绍兴市 柯桥区 行政区域 孙端 陶堰 富盛 三镇     2013 年 11 月 日 绍兴市 柯桥区 人民政府 正式 挂牌 成立,撤县（市）设区,2012-2013
上虞市,"[浙江省, 绍兴市]",330682.0,3.0,del,2013 年 10 月 撤销 县级 上虞市 设立 绍兴市 上虞区 以原 上虞市 行政区域 上虞区 行政区域,撤县（市）设区,2012-2013
临桂县,"[广西壮族自治区, 桂林市]",450322.0,3.0,del,2013 年 月 18 日 国务院 同意 广西壮族自治区 调整 桂林市 行政区划 批复 国函 2013 17 号 同意 撤销 临桂县 设立 桂林市 临桂区 以原 临桂县 行政区域 临桂区 行政区域,撤县（市）设区,2012-2013
平坝区,"[贵州省, 安顺市]",520403.0,3.0,add,2014 年 12 月 13 日 国务院 同意 撤销 平坝县 设立 安顺市 平坝区 以原 平坝县 行政区域 平坝区 行政区域 人民政府 驻 安平 街道 中山南路 58 号,撤县（市）设区,2013-2014
璧山区,"[重庆市, 璧山区]",500120.0,2.0,add,2014 年 月 日 国务院 发布 同意 调整 重庆市 行政区划 批复 国函 2014 58 号 文件 批复 重庆市 撤销 璧山县 设立 重庆市 璧山区 以原 璧山县 行政区域 璧山区 行政区域     2014 年 月 15 日 璧山区 正式 挂牌 运行,撤县（市）设区,2013-2014
铜梁区,"[重庆市, 铜梁区]",500151.0,2.0,add,2014 年 月 日 国务院 发布 同意 调整 重庆市 行政区划 批复 国函 2014 58 号 文件 批复 重庆市 撤销 铜梁县 设立 重庆市 铜梁区 以原 铜梁县 行政区域 铜梁区 行政区域     2014 年 月 15 日 铜梁区 正式 挂牌 运行,撤县（市）设区,2013-2014
九台区,"[吉林省, 长春市]",220113.0,3.0,add,九台区 撤市 设区 张 2014 年 12 月 20 日 九台 撤市 设区 揭牌 大会 成功,撤县（市）设区,2013-2014
彭山区,"[四川省, 眉山市]",511403.0,3.0,add,2014 年 10 月 20 日 国务院 同意 四川省 调整 眉山市 行政区划 批复 国函 2014 140 号 撤销 彭山县 设立 眉山市 彭山区 以原 彭山县 行政区域 彭山区 行政区域 彭山区 人民政府 驻凤鸣 镇 西街 98 号,撤县（市）设区,2013-2014
建阳区,"[福建省, 南平市]",350703.0,3.0,add,2014 年 月 27 日 国务院 批复 同意 南平市 行政区划 调整 方案 同意 撤销 建阳市 设立 南平市 建阳区 以原 建阳市 行政区域 建阳区 行政区域 南平市 政府 驻地 南平市 一路 439 号 迁至 南平市 建阳区 南林 大街 36 号,撤县（市）设区,2013-2014
祥符区,"[河南省, 开封市]",410212.0,3.0,add,2014 年 河南省 调整 开封市 行政区划 撤销 金明区 并入 龙亭区 撤销 开封县 设立 祥符区     2014 年 10 月 19 日 正式 更名 开封市 祥符区     祥符区 自然资源 编辑 祥符区 土地 资源 2013 年 祥符区 利用 耕地 总面积 120 万亩,撤县（市）设区,2013-2014
金明区,"[河南省, 开封市]",410211.0,3.0,del,2014 年 河南省 调整 开封市 行政区划 撤销 金明区 并入 龙亭区,合并,2013-2014
平坝县,"[贵州省, 安顺市]",520421.0,3.0,del,2014 年 12 月 13 日 国务院 同意 撤销 平坝县 设立 安顺市 平坝区 以原 平坝县 行政区域 平坝区 行政区域 人民政府 驻 安平 街道 中山南路 58 号,撤县（市）设区,2013-2014
铜梁县,"[重庆市, 铜梁县]",500224.0,2.0,del,2014 年 月 日 国务院 发布 同意 调整 重庆市 行政区划 批复 国函 2014 58 号 文件 批复 重庆市 撤销 铜梁县 设立 重庆市 铜梁区 以原 铜梁县 行政区域 铜梁区 行政区域     2014 年 月 15 日 铜梁区 正式 挂牌 运行,撤县（市）设区,2013-2014
璧山县,"[重庆市, 璧山县]",500227.0,2.0,del,2014 年 月 日 国务院 发布 同意 调整 重庆市 行政区划 批复 国函 2014 58 号 文件 批复 重庆市 撤销 璧山县 设立 重庆市 璧山区 以原 璧山县 行政区域 璧山区 行政区域     2014 年 月 15 日 璧山区 正式 挂牌 运行,撤县（市）设区,2013-2014
九台市,"[吉林省, 长春市]",220181.0,3.0,del,九台区 撤市 设区 张 2014 年 12 月 20 日 九台 撤市 设区 揭牌 大会 成功,撤县（市）设区,2013-2014
彭山县,"[四川省, 眉山市]",511422.0,3.0,del,2014 年 10 月 20 日 国务院 同意 四川省 调整 眉山市 行政区划 批复 国函 2014 140 号 撤销 彭山县 设立 眉山市 彭山区 以原 彭山县 行政区域 彭山区 行政区域 彭山区 人民政府 驻凤鸣 镇 西街 98 号,撤县（市）设区,2013-2014
建阳市,"[福建省, 南平市]",350784.0,3.0,del,2014 年 月 27 日 国务院 批复 同意 南平市 行政区划 调整 方案 同意 撤销 建阳市 设立 南平市 建阳区 以原 建阳市 行政区域 建阳区 行政区域 南平市 政府 驻地 南平市 一路 439 号 迁至 南平市 建阳区 南林 大街 36 号,撤县（市）设区,2013-2014
永定区,"[福建省, 龙岩市]",350803.0,3.0,add,2014 年 12 月 13 日 撤销 永定县 设立 龙岩市 永定区 以原 永定县 行政区域 永定区 行政区域 永定区 人民政府 驻 凤城镇 九一街 西路 号 2015 年 凤城镇 撤镇设 街道,撤县（市）设区,2013-2014
电白区,"[广东省, 茂名市]",440904.0,3.0,add,2014 年 国务院 批准 撤销 茂港区 电白县 建制 合并 设立 电白区,合并,2013-2014
茂港区,"[广东省, 茂名市]",440903.0,3.0,del,2014 年 国务院 批准 撤销 茂港区 电白县 建制 合并 设立 电白区,合并,2013-2014
从化区,"[广东省, 广州市]",440117.0,3.0,add,2014 年 月 12 日 撤销 县级 从化市 设立 广州市 从化区 以原 从化市 行政区域 从化区 行政区域 从化区 人民政府 驻 街口 街道 新城 东路 99 号,撤县（市）设区,2013-2014
增城区,"[广东省, 广州市]",440118.0,3.0,add,2014 年 月 12 日 国务院 同意 撤销 县级 增城市 设立 广州市 增城区 以原 增城市 行政区域 增城区 行政区域 增城区 人民政府 驻荔城 街道 惠民 路 号,撤县（市）设区,2013-2014
永定县,"[福建省, 龙岩市]",350822.0,3.0,del,2014 年 12 月 13 日 撤销 永定县 设立 龙岩市 永定区 以原 永定县 行政区域 永定区 行政区域 永定区 人民政府 驻 凤城镇 九一街 西路 号 2015 年 凤城镇 撤镇设 街道,撤县（市）设区,2013-2014
萝岗区,"[广东省, 广州市]",440116.0,3.0,del,2014 年 月 12 日 国务院 同意 撤销 广州市 黄埔区 萝岗区 以原 黄埔区 萝岗区 行政区域 新 黄埔区,合并,2013-2014
开封县,"[河南省, 开封市]",410224.0,3.0,del,2014 年 河南省 调整 开封市 行政区划 撤销 金明区 并入 龙亭区 撤销 开封县 设立 祥符区     2014 年 10 月 19 日 正式 更名 开封市 祥符区     祥符区 自然资源 编辑 祥符区 土地 资源 2013 年 祥符区 利用 耕地 总面积 120 万亩,撤县（市）设区,2013-2014
阳东区,"[广东省, 阳江市]",441704.0,3.0,add,2014 年 10 月 20 日 撤销 阳东县 设立 阳江市 阳东区 以原 阳东县 行政区域 阳东区 行政区域 阳东区 人民政府 驻东 城镇 德政 路 号,撤县（市）设区,2013-2014
电白县,"[广东省, 茂名市]",440923.0,3.0,del,2014 年 国务院 批准 撤销 茂港区 电白县 建制 合并 设立 电白区,合并,2013-2014
云安区,"[广东省, 云浮市]",445303.0,3.0,add,2014 年 月 日 国务院 关 国函 2014 120 号 批复 同意 撤销 云安县 设立 云浮市 云安区 云浮市 云城区 杨镇 划归 云安区 管辖 以原 云安县 含 前锋 镇 南盛镇 云城区 杨镇 行政区域 云安区 行政区域 云安区 政府 驻六 镇 明珠 路 11 号 原 云安县 前锋 镇 南盛镇 划归 云城区 管辖     2013 年 月 云浮市 五届 人大常委会 第十六次 会议 审议 市 人民政府 提请 审议 云浮市 调整 县 区 行政区划 方案 议案 会议 表决 调整 县 区 行政区划 决议 草案     2014 年 月 29 日 广东省政府 云浮市 转发 国务院 同意 广东省 调整 云浮市 行政区划 批复 通知 粤府 函 2014 209 号 撤销 云安县 设立 云安区     2014 年 11 月 日 云浮市 云安区 成立 暨 衔牌 揭幕仪式,撤县（市）设区,2013-2014
双城区,"[黑龙江省, 哈尔滨市]",230113.0,3.0,add,2014 年 月 日 国务院 批准 撤销 县级 双城市 设立 哈尔滨市 双城区,撤县（市）设区,2013-2014
从化市,"[广东省, 广州市]",440184.0,3.0,del,2014 年 月 12 日 撤销 县级 从化市 设立 广州市 从化区 以原 从化市 行政区域 从化区 行政区域 从化区 人民政府 驻 街口 街道 新城 东路 99 号,撤县（市）设区,2013-2014
增城市,"[广东省, 广州市]",440183.0,3.0,del,2014 年 月 12 日 国务院 同意 撤销 县级 增城市 设立 广州市 增城区 以原 增城市 行政区域 增城区 行政区域 增城区 人民政府 驻荔城 街道 惠民 路 号,撤县（市）设区,2013-2014
郧阳区,"[湖北省, 十堰市]",420304.0,3.0,add,2014 年 月 日 国务院 以国函 2014 118 号 文件 正式 批复 撤销 郧县 设立 十堰市 郧阳区     2014 年 12 月 17 日 十堰市 郧阳区 正式 挂牌 成立,撤县（市）设区,2013-2014
阳东县,"[广东省, 阳江市]",441723.0,3.0,del,2014 年 10 月 20 日 撤销 阳东县 设立 阳江市 阳东区 以原 阳东县 行政区域 阳东区 行政区域 阳东区 人民政府 驻东 城镇 德政 路 号,撤县（市）设区,2013-2014
高陵区,"[陕西省, 西安市]",610117.0,3.0,add,2014 年 12 月 13 日 国务院 同意 陕西省 调整 西安市 行政区划 批复 撤销 高陵县 设立 西安市 高陵区,撤县（市）设区,2013-2014
云安县,"[广东省, 云浮市]",445323.0,3.0,del,2014 年 月 日 国务院 关 国函 2014 120 号 批复 同意 撤销 云安县 设立 云浮市 云安区 云浮市 云城区 杨镇 划归 云安区 管辖 以原 云安县 含 前锋 镇 南盛镇 云城区 杨镇 行政区域 云安区 行政区域 云安区 政府 驻六 镇 明珠 路 11 号 原 云安县 前锋 镇 南盛镇 划归 云城区 管辖     2013 年 月 云浮市 五届 人大常委会 第十六次 会议 审议 市 人民政府 提请 审议 云浮市 调整 县 区 行政区划 方案 议案 会议 表决 调整 县 区 行政区划 决议 草案     2014 年 月 29 日 广东省政府 云浮市 转发 国务院 同意 广东省 调整 云浮市 行政区划 批复 通知 粤府 函 2014 209 号 撤销 云安县 设立 云安区     2014 年 11 月 日 云浮市 云安区 成立 暨 衔牌 揭幕仪式,撤县（市）设区,2013-2014
双城市,"[黑龙江省, 哈尔滨市]",230182.0,3.0,del,2014 年 月 日 国务院 批准 撤销 县级 双城市 设立 哈尔滨市 双城区,撤县（市）设区,2013-2014
陵城区,"[山东省, 德州市]",371403.0,3.0,add,2013 年 德州市 政府 批准 陵县 陵 城镇 改为 临齐 街道     2014 年 10 月 20 日 国务院 同意 山东省 调整 德州市 行政区划 批复 国函 2014 139 号 撤销 陵县 设立 德州市 陵城区 以原 陵县 行政区域 陵城区 行政区域 陵城区 人民政府 驻临 街道 中兴路 155 号,撤县（市）设区,2013-2014
郧县,"[湖北省, 十堰市]",420321.0,3.0,del,2014 年 月 日 国务院 以国函 2014 118 号 文件 正式 批复 撤销 郧县 设立 十堰市 郧阳区     2014 年 12 月 17 日 十堰市 郧阳区 正式 挂牌 成立,撤县（市）设区,2013-2014
高陵县,"[陕西省, 西安市]",610126.0,3.0,del,2014 年 12 月 13 日 国务院 同意 陕西省 调整 西安市 行政区划 批复 撤销 高陵县 设立 西安市 高陵区,撤县（市）设区,2013-2014
香格里拉市,"[云南省, 迪庆藏族自治州]",533401.0,3.0,add,2014 年 12 月 16 日 香格里拉 撤县 设市 国务院 批准,撤县设市,2013-2014
香格里拉县,"[云南省, 迪庆藏族自治州]",533421.0,3.0,del,2014 年 12 月 16 日 香格里拉 撤县 设市 国务院 批准,撤县设市,2013-2014
文登区,"[山东省, 威海市]",371003.0,3.0,add,2014 年 月 25 日 国务院 以国函 2014 13 号文 批复 撤销 文登市 设立 威海市 文登区 以原 文登市 不含 汪 疃 镇 苘 山镇 行政区域 威海市 文登区 行政区域 原 文登市 汪 疃 镇 苘 山镇 划归 威海市 环翠区 管辖,撤县（市）设区,2013-2014
藁城区,"[河北省, 石家庄市]",130109.0,3.0,add,2014 年 月 国务院 同意 河北省 调整 石家庄市 行政区划 请示 同意 撤销 县级 藁城市 设立 石家庄市 藁城区 以原 藁城区 行政区域 藁城区 行政区域,撤县（市）设区,2013-2014
陵县,"[山东省, 德州市]",371421.0,3.0,del,2013 年 德州市 政府 批准 陵县 陵 城镇 改为 临齐 街道     2014 年 10 月 20 日 国务院 同意 山东省 调整 德州市 行政区划 批复 国函 2014 139 号 撤销 陵县 设立 德州市 陵城区 以原 陵县 行政区域 陵城区 行政区域 陵城区 人民政府 驻临 街道 中兴路 155 号,撤县（市）设区,2013-2014
鹿泉区,"[河北省, 石家庄市]",130110.0,3.0,add,2014 年 月 撤市 设区 设立 石家庄市 鹿泉区,撤县（市）设区,2013-2014
苍山县,"[山东省, 临沂市]",371324.0,3.0,just_name_change,2014 年 月 21 日 恢复 兰陵县,更名,2013-2014
栾城区,"[河北省, 石家庄市]",130111.0,3.0,add,2014 年 月 国务院 同意 河北省 调整 石家庄市 行政区划 请示 同意 撤销 县级 栾城县 设立 石家庄市 栾城区 以原 栾城县 行政区域 栾城区 行政区域,撤县（市）设区,2013-2014
文登市,"[山东省, 威海市]",371081.0,3.0,del,2014 年 月 25 日 国务院 以国函 2014 13 号文 批复 撤销 文登市 设立 威海市 文登区 以原 文登市 不含 汪 疃 镇 苘 山镇 行政区域 威海市 文登区 行政区域 原 文登市 汪 疃 镇 苘 山镇 划归 威海市 环翠区 管辖,撤县（市）设区,2013-2014
拉孜县,"[西藏自治区, 日喀则市]",540225.0,3.0,add,2014 年 月 日喀则 撤地 设市 拉孜县 日喀则市,-,2013-2014
鹿泉市,"[河北省, 石家庄市]",130185.0,3.0,del,2014 年 月经 国务院 批准 撤销 鹿泉市 设立 石家庄市 鹿泉区     2014 年 月 国务院 同意 河北省 调整 石家庄市 行政区划 请示 同意 撤销 县级 鹿泉市 设立 石家庄市 鹿泉区 以原 鹿泉市 行政区域 鹿泉区 行政区域,撤县（市）设区,2013-2014
谢通门县,"[西藏自治区, 日喀则市]",540227.0,3.0,add,2014 年 月 日喀则 撤地 设市 谢通门县 日喀则市,-,2013-2014
藁城市,"[河北省, 石家庄市]",130182.0,3.0,del,2014 年 月 23 日 国务院 批复 河北省人民政府 石家庄市 行政区划 调整 请示 同意 撤销 石家庄市 桥东区 街道 划归 石家庄市 长安区 街道 划归 石家庄市 桥西区 撤销 县级 藁城市 县级 鹿泉市 栾城县 设立 石家庄市 藁城区 鹿泉区 栾城区,撤销,2013-2014
南木林县,"[西藏自治区, 日喀则市]",540221.0,3.0,add,2014 年 月 日喀则 撤地 设市 南木林县 日喀则市 县政府 驻 南木林 镇,-,2013-2014
定日县,"[西藏自治区, 日喀则市]",540223.0,3.0,add,2014 年 月 日喀则 撤地 设市 定日县 日喀则市,-,2013-2014
昂仁县,"[西藏自治区, 日喀则市]",540226.0,3.0,add,2014 年 月 日喀则 撤地 设市 昂仁县 日喀则市,-,2013-2014
仁布县,"[西藏自治区, 日喀则市]",540229.0,3.0,add,2014 年 月 日喀则 撤地 设市 仁布县 日喀则市 辖县,-,2013-2014
桑珠孜区,"[西藏自治区, 日喀则市]",540202.0,3.0,add,2014 年 月 26 日 中华人民共和国国务院 批复 撤销 日喀则地区 县级 日喀则市 设立 地级 日喀则市 日喀则市 设立 桑珠孜区 原 县级 日喀则市 改为 桑珠孜区 2014 年 12 月 日 上午 日喀则市 桑珠孜区 揭牌 仪式 标志 桑珠孜区 正式 挂牌 成立,撤县（市）设区,2013-2014
栾城县,"[河北省, 石家庄市]",130124.0,3.0,del,2014 年 月 国务院 同意 河北省 调整 石家庄市 行政区划 请示 同意 撤销 县级 栾城县 设立 石家庄市 栾城区 以原 栾城县 行政区域 栾城区 行政区域,撤县（市）设区,2013-2014
江孜县,"[西藏自治区, 日喀则市]",540222.0,3.0,add,2014 年 月 26 日 日喀则 撤地 设市 江孜县 日喀则市 管辖,-,2013-2014
聂拉木县,"[西藏自治区, 日喀则市]",540235.0,3.0,add,2014 年 月 26 日 日喀则 撤地 设市 聂拉木县 日喀则市,-,2013-2014
仲巴县,"[西藏自治区, 日喀则市]",540232.0,3.0,add,2014 年 月 日喀则 撤地 设市 仲巴县 日喀则市,-,2013-2014
亚东县,"[西藏自治区, 日喀则市]",540233.0,3.0,add,2014 年 月 日喀则 撤地 设市 亚东县 日喀则市,-,2013-2014
白朗县,"[西藏自治区, 日喀则市]",540228.0,3.0,add,2014 年 月 日喀则 撤地 设市 白朗县 属 日喀则市,-,2013-2014
康马县,"[西藏自治区, 日喀则市]",540230.0,3.0,add,2014 年 月 日喀则 撤地 设市 康马县 日喀则市,-,2013-2014
吉隆县,"[西藏自治区, 日喀则市]",540234.0,3.0,add,2014 年 月 日喀则 撤地 设市 吉隆县 日喀则市,-,2013-2014
定结县,"[西藏自治区, 日喀则市]",540231.0,3.0,add,2014 年 月 日喀则 撤地 设市 定结县 日喀则市,-,2013-2014
岗巴县,"[西藏自治区, 日喀则市]",540237.0,3.0,add,2014 年 月 日喀则 撤地 设市 岗巴县 日喀则市,-,2013-2014
洛隆县,"[西藏自治区, 昌都市]",540329.0,3.0,add,2014 年 11 月 昌都 撤地 设市 洛隆县 属 昌都市 管辖,-,2013-2014
察雅县,"[西藏自治区, 昌都市]",540325.0,3.0,add,2014 年 11 月 昌都 撤地 设市 察雅县 属 昌都市 管辖,-,2013-2014
丁青县,"[西藏自治区, 昌都市]",540324.0,3.0,add,2014 年 11 月 昌都 撤地 设市 丁青县 属 昌都市 管辖,-,2013-2014
类乌齐县,"[西藏自治区, 昌都市]",540323.0,3.0,add,2014 年 11 月 昌都 撤地 设市 类乌齐县 属 昌都市 管辖,-,2013-2014
日喀则市,"[西藏自治区, 日喀则市]",540200.0,3.0,add,2014 年 月 26 日 国务院 批复 同意 撤销 日喀则地区 设立 地级 日喀则市,撤地区设市,2013-2014
卡若区,"[西藏自治区, 昌都市]",540302.0,3.0,add,清末 昌都县 改为 昌都 宗 1950 年 昌都 解放后 中共中央 昌都 镇 建立 党 西藏地区 最早 人民政权 组织 昌都县 解放 委员会 隶属 国务院 领导 1956 年 昌都县 划归 西藏自治区 1960 年 合并 拉 多宗 改为 昌都县 1959 年 月 20 日 昌都县 人民政府 正式 成立 1962 年 月 划分 昌都县 10 区 镇 52 乡 1987 年 实施 撤区 乡 昌都县 划分 镇 区 15 乡 辖 259 个村 10 社区 920 自然村 2014 年 10 月 国务院 批复 西藏自治区 撤销 昌都地区 设立 地级 昌都市,撤县（市）设区,2013-2014
芒康县,"[西藏自治区, 昌都市]",540328.0,3.0,add,2014 年 11 月 昌都 撤地 设市 芒康县 属 昌都市 管辖,-,2013-2014
日喀则地区,"[西藏自治区, 日喀则地区]",542300.0,3.0,del,2014 年 月 26 日 国务院 批复 同意 撤销 日喀则地区 设立 地级 日喀则市,撤地区设市,2013-2014
江达县,"[西藏自治区, 昌都市]",540321.0,3.0,add,1959 年 月 江达 西 邓柯 两宗 合并 成立 江达县 人民政府 2014 年 11 月 昌都 撤地 设市 江达县 属 昌都市 辖县,-,2013-2014
八宿县,"[西藏自治区, 昌都市]",540326.0,3.0,add,2014 年 11 月 昌都 撤地 设市 八宿县 属 昌都市 管辖,-,2013-2014
贡觉县,"[西藏自治区, 昌都市]",540322.0,3.0,add,2014 年 11 月 昌都 撤地 设市 贡觉县 昌都市 辖县,-,2013-2014
边坝县,"[西藏自治区, 昌都市]",540330.0,3.0,add,2014 年 11 月 昌都 撤地 设市 边坝县 属 昌都市 管辖,-,2013-2014
左贡县,"[西藏自治区, 昌都市]",540327.0,3.0,add,2014 年 11 月 昌都 撤地 设市 左贡县 属 昌都市 管辖,-,2013-2014
昌都市,"[西藏自治区, 昌都市]",540300.0,3.0,add,2014 年 10 月 国务院 批复 撤销 昌都地区 昌都县 设立 地级 昌都市 卡若区 以原 昌都地区 行政区域 昌都市 行政区域,撤地区设市,2013-2014
海棠区,"[海南省, 三亚市]",460202.0,3.0,add,2014 年 月 25 日 国务院 同意 海南省 调整 三亚市 行政区划 批复 国函 2014 14 号 批复 同意 海南省 撤销 三亚市 辖 六镇 新 设 四个 市辖区     2014 年 月 19 日 中共 三亚市 海棠 湾 工作 委员会 三亚市 海棠 湾 管理 委员会 正式 更名 中共 三亚市 服务业 产业园 工作 委员会 三亚市 服务业 产业园 管理 委员会,撤县（市）设区,2013-2014
天涯区,"[海南省, 三亚市]",460204.0,3.0,add,天涯区 2014 年 月 11 日 国务院 批复 三亚市 撤 六镇 新 设 四区 河西区 凤凰 镇 天涯 镇 设立 天涯区     2014 年 月 22 日 成立 三亚市 天涯区 筹备组 撤镇 设区 实质 阶段,撤县（市）设区,2013-2014
崖州区,"[海南省, 三亚市]",460205.0,3.0,add,2014 年 月 25 日 国务院 批复 同意 海南省 撤销 三亚市 辖 六镇 新 设 四个 市辖区     2014 年 10 月 23 日 三亚市 吉阳区 海棠区 天涯区 崖州 成立 区 第一届 人民代表大会 筹备组 负责 筹备 各区 第一届 人民代表大会 相关 事宜,撤县（市）设区,2013-2014
赣榆区,"[江苏省, 连云港市]",320707.0,3.0,add,2014 年 月 国务院 同意 赣榆县 整 建制 撤县 设区 连云港市 赣榆区,撤县（市）设区,2013-2014
昌都县,"[西藏自治区, 昌都地区]",542121.0,3.0,del,清末 昌都县 改为 昌都 宗 1950 年 昌都 解放后 中共中央 昌都 镇 建立 党 西藏地区 最早 人民政权 组织 昌都县 解放 委员会 隶属 国务院 领导 1956 年 昌都县 划归 西藏自治区 1960 年 合并 拉 多宗 改为 昌都县 1959 年 月 20 日 昌都县 人民政府 正式 成立 1962 年 月 划分 昌都县 10 区 镇 52 乡 1987 年 实施 撤区 乡 昌都县 划分 镇 区 15 乡 辖 259 个村 10 社区 920 自然村 2014 年 10 月 国务院 批复 西藏自治区 撤销 昌都地区 设立 地级 昌都市,撤地区设市,2013-2014
昌都地区,"[西藏自治区, 昌都地区]",542100.0,3.0,del,2014 年 10 月 国务院 批复 撤销 昌都地区 昌都县 设立 地级 昌都市 卡若区 以原 昌都地区 行政区域 昌都市 行政区域,撤地区设市,2013-2014
富阳区,"[浙江省, 杭州市]",330111.0,3.0,add,2014 年 12 月 13 日 国务院 批准 撤销 富阳市 设立 杭州市 富阳区,撤县（市）设区,2013-2014
新浦区,"[江苏省, 连云港市]",320705.0,3.0,del,2014 年 月 国函 2014 56 号 同意 撤销 连云港市 新浦区 海州区 设立 新 连云港市 海州区 以原 新浦区 海州区 行政区域 新 海州区 行政区域 海州区 人民政府 驻 浦东 街道 民主 中路 177 号 新浦区 经济 概况 编辑 十一五 时期 综合 实力 增强,合并,2013-2014
赣榆县,"[江苏省, 连云港市]",320721.0,3.0,del,2014 年 月 国务院 同意 赣榆县 整 建制 撤县 设区 连云港市 赣榆区,撤县（市）设区,2013-2014
双河市,"[新疆维吾尔自治区, 阿勒泰地区]",659007.0,3.0,add,2014 年 月 25 日 国务院 国函 2014 15 号 批复 同意 设立 自治区 直辖 县级 双河市 市政府 驻 双河市 红星 二路 号     2014 年 月 26 日 新疆维吾尔自治区 双河市 正式 揭牌 成立,新增县／市／区,2013-2014
霍尔果斯市,"[新疆维吾尔自治区, 伊犁哈萨克自治州]",654004.0,3.0,add,2014 年 月 26 日 国务院 行文 国务院 同意 新疆维吾尔自治区 设立 县级 霍尔果斯市 批复 行政区域 包括 原 霍城县 伊车 善 乡 莫乎尔 牧场 兵团 四师 61 团 62 团 霍尔果斯 口岸 霍尔果斯市 伊犁哈萨克自治州 管辖 霍尔果斯市 人民政府 驻 陇海路 号,新增县／市／区,2013-2014
富阳市,"[浙江省, 杭州市]",330183.0,3.0,del,2014 年 12 月 13 日 国务院 批准 撤销 富阳市 设立 杭州市 富阳区,撤县（市）设区,2013-2014
吉阳区,"[海南省, 三亚市]",460203.0,3.0,add,2014 年 月 11 日 国务院 批复 三亚市 撤 六镇 新 设 四区 2014 年 月 22 日 成立 三亚市 吉阳区 筹备组 撤镇 设区 实质 阶段     2014 年 10 月 23 日 三亚市 人大常委会 第二十五次 会议 成立 三亚市 吉阳区 海棠区 天涯区 崖州区 第一届 人民代表大会 筹备组 负责 筹备 本区 第一届 人民代表大会 相关 事宜,撤县（市）设区,2013-2014
铜官区,"[安徽省, 铜陵市]",340705.0,3.0,add,2015 年 10 月 国务院 批复 撤销 铜陵市 铜官山区 狮子山区 设立 铜官区,合并,2014-2015
潼南区,"[重庆市, 潼南区]",500152.0,2.0,add,2015 年 月 27 日 重庆市 潼南区 正式 挂牌,撤县（市）设区,2014-2015
叶集区,"[安徽省, 六安市]",341504.0,3.0,add,2014 年 月 撤销 三元 乡 设立 三元 镇     2015 年 10 月 13 日 国务院 批准 设立 叶集区     2015 年 12 月 析 霍邱县 叶 集镇 三元 镇 孙岗乡 正式 设立 六安市 叶集区,撤县（市）设区,2014-2015
荣昌县,"[重庆市, 荣昌县]",500226.0,2.0,del,2015 年 月 日 荣昌县 人民政府 重庆市 人民政府 请示 撤销 荣昌县 设立 荣昌区,撤县（市）设区,2014-2015
枞阳县,"[安徽省, 铜陵市]",340722.0,3.0,add,2015 年 10 月 13 日 国务院 国函 2015 181 号 批复 同意 安庆市 枞阳县 划归 铜陵市 管辖     2016 年 月 日 下午 安徽省 民政厅 枞阳县 城 正式 传达 国务院 国函 2015 181 号 安徽省 区划 调整 实施 意见 枞阳县 正式 划归 铜陵市 管辖,归属变化,2014-2015
潼南县,"[重庆市, 潼南县]",500223.0,2.0,del,2015 年 月 27 日 重庆市 潼南区 正式 挂牌,撤县（市）设区,2014-2015
陕州区,"[河南省, 三门峡市]",411203.0,3.0,add,2016 年 月 日 三门峡市 陕州区 挂牌 成立,撤县（市）设区,2014-2015
陕县,"[河南省, 三门峡市]",411222.0,3.0,del,2016 年 月 日 三门峡市 陕州区 挂牌 成立,撤县（市）设区,2014-2015
东宁市,"[黑龙江省, 牡丹江市]",231086.0,3.0,add,2015 年 国务院 批准 撤销 东宁县 设立 县级 东宁市 以原 东宁县 行政区域 东宁市 行政区域,撤县设市,2014-2015
铜官山区,"[安徽省, 铜陵市]",340702.0,3.0,del,2015 年 10 月 国务院 批复 撤销 铜陵市 铜官山区 狮子山区 设立 铜官区,合并,2014-2015
寿县,"[安徽省, 淮南市]",340422.0,3.0,add,2015 年 12 月 日 国务院 国函 2015 206 号 批复 同意 六安市 寿县 划归 淮南市 管辖,归属变化,2014-2015
狮子山区,"[安徽省, 铜陵市]",340703.0,3.0,del,2015 年 10 月 13 日 国务院 同意 安徽省 调整 铜陵市 六安市 安庆市 行政区划 批复 国函 2015 181 号 同意 撤销 狮子山区 设立 铜陵市 铜官区 以原 铜官山区 狮子山区 行政区域 铜官区 行政区域,合并,2014-2015
义安区,"[安徽省, 铜陵市]",340706.0,3.0,add,2015 年 12 月 日 撤销 铜陵县 设立 铜陵市 义安区 行政区域,撤县（市）设区,2014-2015
大丰区,"[江苏省, 盐城市]",320904.0,3.0,add,2015 年 月 国务院 批准 撤销 县级 大丰市 设立 盐城市 大丰区,撤县（市）设区,2014-2015
新吴区,"[江苏省, 无锡市]",320214.0,3.0,add,2015 年 10 月 国务院 同意 江苏省 调整 无锡市 行政区划 批复 设立 无锡市 新吴区 无锡市 锡山区 鸿 山 街道 滨湖区 江溪 旺庄 硕放 梅村 新安 街道 划归 新吴区 管辖 以鸿山 江溪 旺庄 硕放 梅村 新安 街道 行政区域 新吴区 行政区域 新吴区 人民政府 驻 新安 街道 风路 28 号,新增县／市／区,2014-2015
东宁县,"[黑龙江省, 牡丹江市]",231024.0,3.0,del,2015 年 国务院 批准 撤销 东宁县 设立 县级 东宁市 以原 东宁县 行政区域 东宁市 行政区域,撤县设市,2014-2015
北塘区,"[江苏省, 无锡市]",320204.0,3.0,del,2015 年 10 月 13 日 国务院 同意 江苏省 调整 无锡市 行政区划 批复 国函 2015 184 号 同意 撤销 无锡市 崇安区 南长区 北塘区 设立 无锡市 梁溪区 以原 崇安区 南长区 北塘区 行政区域 梁溪区 行政区域 梁溪区 人民政府 驻 崇安 寺 街道 解放南路 688 号,合并,2014-2015
梁溪区,"[江苏省, 无锡市]",320213.0,3.0,add,2015 年 10 月 撤销 崇安区 南长区 北塘区 设立 梁溪区,合并,2014-2015
荣昌区,"[重庆市, 荣昌区]",500153.0,2.0,add,2015 年 月 日 荣昌县 人民政府 重庆市 人民政府 请示 撤销 荣昌县 设立 荣昌区,撤县（市）设区,2014-2015
铜陵县,"[安徽省, 铜陵市]",340721.0,3.0,del,2015 年 12 月 日 撤销 铜陵县 设立 铜陵市 义安区 行政区域,撤县（市）设区,2014-2015
戚墅堰区,"[江苏省, 常州市]",320405.0,3.0,del,2015 年 月 28 日 国务院 同意 江苏省 调整 常州市 行政区划 批复 国函 2015 75 号 同意 撤销 常州市 武进区 戚墅堰区 设立 新 武进区 以原 武进区 不含 奔 牛镇 郑陆镇 邹区 镇 戚墅堰区 行政区域 新 设立 武进区 行政区域 新 武进区 人民政府 驻 湖塘镇 延政中 大道 28 号,合并,2014-2015
密云区,"[北京市, 密云区]",110118.0,2.0,add,2015 年 11 月 撤销 密云县 设立 密云区,撤县（市）设区,2014-2015
大丰市,"[江苏省, 盐城市]",320982.0,3.0,del,2015 年 月 国务院 批准 撤销 县级 大丰市 设立 盐城市 大丰区,撤县（市）设区,2014-2015
延庆区,"[北京市, 延庆区]",110119.0,2.0,add,2015 年 11 月 撤销 延庆县 设立 延庆区 政府 驻     2015 年 12 月 延庆区 挂牌,撤县（市）设区,2014-2015
高昌区,"[新疆维吾尔自治区, 吐鲁番市]",650402.0,3.0,add,2014 年 月 26 日 自治区 政府 新政 函 2014 76 号 批复 同意 撤销 亚尔乡 设立 亚尔 镇     2014 年 10 月 日 新疆生产建设兵团 迎来 成立 60 周年 国务院新闻办公室 对外 发布 新疆生产建设兵团 历史 发展 白皮书     2015 年 月 16 日 国务院 国函 2015 52 号 批复 同意 撤销 吐鲁番地区 县级 吐鲁番市 设立 地级 吐鲁番市     2015 年 月 12 日 撤 县级 吐鲁番市 设 高昌区,撤县（市）设区,2014-2015
鄯善县,"[新疆维吾尔自治区, 吐鲁番市]",650421.0,3.0,add,2015 年 月 国务院 批复 同意 吐鲁番地区 撤地 设市 鄯善县 隶属于 吐鲁番市,-,2014-2015
延庆县,"[北京市, 延庆县]",110229.0,2.0,del,2015 年 11 月 撤销 延庆县 设立 延庆区 政府 驻     2015 年 12 月 延庆区 挂牌,撤县（市）设区,2014-2015
洞头区,"[浙江省, 温州市]",330305.0,3.0,add,2015 年 月 23 日 国务院 批准 温州市 洞头县 撤县 设区,撤县（市）设区,2014-2015
吐鲁番市,"[新疆维吾尔自治区, 吐鲁番市]",650400.0,3.0,add,2015 年 月 国务院 批复 同意 撤销 吐鲁番地区 县级 吐鲁番市 设立 地级 吐鲁番市 吐鲁番市 设立 高昌区 以原 县级 吐鲁番市 行政区域 高昌区 行政区域 吐鲁番市 辖原 吐鲁番地区 鄯善县 托克逊县 新 设立 高昌区,撤县（市）设区,2014-2015
可克达拉市,"[新疆维吾尔自治区, 阿勒泰地区]",659008.0,3.0,add,2015 年 03 月 16 日 国务院 同意 新疆维吾尔自治区 设立 县级 可克达拉市 批复 国函 2015 53 号 同意 设立 县级 可克达拉市     2015 年 04 月 12 日 新疆维吾尔自治区 可克达拉市 政府 挂牌 成立,新增县／市／区,2014-2015
武鸣区,"[广西壮族自治区, 南宁市]",450110.0,3.0,add,2015 年 国务院 批准 同意 撤销 武鸣县 设立 南宁市 武鸣区 以原 武鸣区 行政区域 武鸣区 行政区域 武鸣区 人民政府 驻 城厢镇 兴 武大 道 245 号,撤县（市）设区,2014-2015
托克逊县,"[新疆维吾尔自治区, 吐鲁番市]",650422.0,3.0,add,2015 年 月 国务院 批复 同意 吐鲁番地区 撤 地区 设市 托克逊县 隶属于 吐鲁番市,-,2014-2015
洞头县,"[浙江省, 温州市]",330322.0,3.0,del,2015 年 月 23 日 国务院 批准 温州市 洞头县 撤县 设区,撤县（市）设区,2014-2015
靖西市,"[广西壮族自治区, 百色市]",451081.0,3.0,add,2015 年 月 日 撤销 靖西县 设立 县级 靖西市 以原 靖西县 行政区域 靖西市 行政区域 靖西市 人民政府 驻新靖 镇 新华街 339 号,撤县设市,2014-2015
靖西县,"[广西壮族自治区, 百色市]",451025.0,3.0,del,2015 年 月 日 撤销 靖西县 设立 县级 靖西市 以原 靖西县 行政区域 靖西市 行政区域 靖西市 人民政府 驻新靖 镇 新华街 339 号,撤县设市,2014-2015
吐鲁番地区,"[新疆维吾尔自治区, 吐鲁番地区]",652100.0,3.0,del,2015 年 月 国务院 批复 同意 撤销 吐鲁番地区 县级 吐鲁番市 设立 地级 吐鲁番市 吐鲁番市 设立 高昌区 以原 县级 吐鲁番市 行政区域 高昌区 行政区域 吐鲁番市 辖原 吐鲁番地区 鄯善县 托克逊县 新 设立 高昌区,撤地区设市,2014-2015
密云县,"[北京市, 密云县]",110228.0,2.0,del,2015 年 11 月 撤销 密云县 设立 密云区,撤县（市）设区,2014-2015
横山区,"[陕西省, 榆林市]",610803.0,3.0,add,2015 年 12 月 25 日 撤销 横山县 设立 榆林市 横山区 横山区 人民政府 驻 横山 街道 北大街 号,撤县（市）设区,2014-2015
华州区,"[陕西省, 渭南市]",610503.0,3.0,add,2015 年 10 月 国务院 批准 撤销 华县 设立 渭南市 华州区 以原 华县 行政区域 华州区 行政区域,撤县（市）设区,2014-2015
武鸣县,"[广西壮族自治区, 南宁市]",450122.0,3.0,del,2015 年 国务院 批准 同意 撤销 武鸣县 设立 南宁市 武鸣区 以原 武鸣区 行政区域 武鸣区 行政区域 武鸣区 人民政府 驻 城厢镇 兴 武大 道 245 号,撤县（市）设区,2014-2015
波密县,"[西藏自治区, 林芝市]",540424.0,3.0,add,2015 年 月 撤销 林芝地区 设立 地级 林芝市 波密县 隶属 林芝市 管辖,-,2014-2015
察隅县,"[西藏自治区, 林芝市]",540425.0,3.0,add,2015 年 月 撤销 林芝地区 设立 地级 林芝市 察隅县 隶属 林芝市 管辖,-,2014-2015
横山县,"[陕西省, 榆林市]",610823.0,3.0,del,2015 年 12 月 25 日 撤销 横山县 设立 榆林市 横山区 横山区 人民政府 驻 横山 街道 北大街 号,撤县（市）设区,2014-2015
墨脱县,"[西藏自治区, 林芝市]",540423.0,3.0,add,2015 年 月 撤销 林芝地区 设立 地级 林芝市 墨脱县 属 林芝市 管辖,-,2014-2015
米林县,"[西藏自治区, 林芝市]",540422.0,3.0,add,2015 年 月 撤销 林芝地区 设立 地级 林芝市 米林县 属 林芝市 管辖,-,2014-2015
平安区,"[青海省, 海东市]",630203.0,3.0,add,2015 年 月 16 日 国务院 批复 同意 青海省 调整 海东市 行政区划 撤销 平安县 设立 海东市 平安区 以原 平安县 行政区域 平安区 行政区域 平安区 人民政府 驻 平安 镇 平安 大道 199 号,撤县（市）设区,2014-2015
堆龙德庆区,"[西藏自治区, 拉萨市]",540103.0,3.0,add,2015 年 10 月 撤销 堆龙德庆县 设立 拉萨市 堆龙德庆区 以原 堆龙德庆县 行政区域 拉萨市 堆龙德庆区 行政区域,撤县（市）设区,2014-2015
林芝市,"[西藏自治区, 林芝市]",540400.0,3.0,add,2015 年 月 国务院 批复 同意 撤销 林芝地区 林芝县 设立 地级 林芝市 林芝市 设立 巴宜区 以原 林芝县 行政区域 巴宜区 行政区域 林芝市 辖原 林芝地区 工布江达县 米林县 墨脱县 波密县 察隅县 朗县 新 设立 巴宜区,撤地区设市,2014-2015
宁河区,"[天津市, 宁河区]",120117.0,2.0,add,2015 年 月 国务院 批复 同意 撤销 天津市 宁河县 设立 天津市 宁河区 相关 行政区域 界线 政府 驻地 未 做 调整,撤县（市）设区,2014-2015
静海区,"[天津市, 静海区]",120118.0,2.0,add,2015 年 月 国务院 批复 同意 撤销 天津市 静海县 设立 天津市 静海区 相关 行政区域 界线 政府 驻地 未 做 调整,撤县（市）设区,2014-2015
林芝县,"[西藏自治区, 林芝地区]",542621.0,3.0,del,2015 年 月 16 日 国务院 批复 同意 撤销 林芝地区 林芝县 设立 地级 林芝市 林芝市 巴宜区 巴宜区 人民政府 驻 双拥 路 街道 尼池路 号     2015 年 月 林芝市 巴宜区 撤销 八一镇 设立 八一 街道 双拥 路 街道,撤县（市）设区,2014-2015
堆龙德庆县,"[西藏自治区, 拉萨市]",540125.0,3.0,del,2015 年 10 月 撤销 堆龙德庆县 设立 拉萨市 堆龙德庆区 以原 堆龙德庆县 行政区域 拉萨市 堆龙德庆区 行政区域,撤县（市）设区,2014-2015
工布江达县,"[西藏自治区, 林芝市]",540421.0,3.0,add,2015 年 月 撤销 林芝地区 设立 地级 林芝市 工布江达县 属 林芝市 管辖,-,2014-2015
巴宜区,"[西藏自治区, 林芝市]",540402.0,3.0,add,2015 年 月 16 日 国务院 批复 同意 撤销 林芝地区 林芝县 设立 地级 林芝市 林芝市 巴宜区 巴宜区 人民政府 驻 双拥 路 街道 尼池路 号     2015 年 月 林芝市 巴宜区 撤销 八一镇 设立 八一 街道 双拥 路 街道,撤县（市）设区,2014-2015
普兰店区,"[辽宁省, 大连市]",210214.0,3.0,add,2014 年 月 23 日 国家级 新区 金普 新区 成立     2015 年 10 月 13 日 国务院 批准 撤销 普兰店市 设立 普兰店区,撤县（市）设区,2014-2015
林芝地区,"[西藏自治区, 林芝地区]",542600.0,3.0,del,2015 年 月 国务院 批复 同意 撤销 林芝地区 林芝县 设立 地级 林芝市 林芝市 设立 巴宜区 以原 林芝县 行政区域 巴宜区 行政区域 林芝市 辖原 林芝地区 工布江达县 米林县 墨脱县 波密县 察隅县 朗县 新 设立 巴宜区,撤地区设市,2014-2015
儋州市,"[海南省, 儋州市]",460400.0,3.0,add,2015 年 月 19 日 国务院 批复 同意 海南省 调整 儋州市 行政区划 设立 地级 儋州市,新增县／市／区,2014-2015
静海县,"[天津市, 静海县]",120223.0,2.0,del,2015 年 月 国务院 批复 同意 撤销 天津市 静海县 设立 天津市 静海区 相关 行政区域 界线 政府 驻地 未 做 调整,撤县（市）设区,2014-2015
新建区,"[江西省, 南昌市]",360112.0,3.0,add,2015 年 月 日 国务院 正式 批复 南昌市 行政区划 调整 方案 同意 撤销 新建县 设立 南昌市 新建区 以原 新建县 行政区域 新建区 行政区域 新建区 人民政府 驻长 堎 镇 新建 大道 239 号,撤县（市）设区,2014-2015
广丰区,"[江西省, 上饶市]",361103.0,3.0,add,2015 年 月 16 日 国务院 批复 同意 撤销 广丰县 设立 上饶市 广丰区 以原 广丰县 行政区域 广丰区 行政区域     2015 年 月 中国 国务院 下发 调整 上饶市 行政区划 通知 批准 撤销 广丰县 设立 上饶市 广丰区     2015 年 月 日 广丰区 正式 挂牌 成立,撤县（市）设区,2014-2015
宁河县,"[天津市, 宁河县]",120221.0,2.0,del,2015 年 月 国务院 批复 同意 撤销 天津市 宁河县 设立 天津市 宁河区 相关 行政区域 界线 政府 驻地 未 做 调整,撤县（市）设区,2014-2015
普兰店市,"[辽宁省, 大连市]",210282.0,3.0,del,2014 年 月 23 日 国家级 新区 金普 新区 成立     2015 年 10 月 13 日 国务院 批准 撤销 普兰店市 设立 普兰店区,撤县（市）设区,2014-2015
朗县,"[西藏自治区, 林芝市]",540426.0,3.0,add,2015 年 月 撤销 林芝地区 设立 地级 林芝市 朗县 属 林芝市 管辖,-,2014-2015
广丰县,"[江西省, 上饶市]",361122.0,3.0,del,2015 年 月 16 日 国务院 批复 同意 撤销 广丰县 设立 上饶市 广丰区 以原 广丰县 行政区域 广丰区 行政区域     2015 年 月 中国 国务院 下发 调整 上饶市 行政区划 通知 批准 撤销 广丰县 设立 上饶市 广丰区     2015 年 月 日 广丰区 正式 挂牌 成立,撤县（市）设区,2014-2015
新建县,"[江西省, 南昌市]",360122.0,3.0,del,2015 年 月 日 国务院 正式 批复 南昌市 行政区划 调整 方案 同意 撤销 新建县 设立 南昌市 新建区 以原 新建县 行政区域 新建区 行政区域 新建区 人民政府 驻长 堎 镇 新建 大道 239 号,撤县（市）设区,2014-2015
马尔康县,"[四川省, 阿坝藏族羌族自治州]",513229.0,3.0,del,2015 年 10 月 马尔康县 撤县 建市 获 国务院,撤县设市,2014-2015
康定县,"[四川省, 甘孜藏族自治州]",513321.0,3.0,del,2015 年 撤县 设市 以原 康定县 行政区域 康定市 行政区域,撤县设市,2014-2015
康定市,"[四川省, 甘孜藏族自治州]",513301.0,3.0,add,2015 年 撤县 设市 以原 康定县 行政区域 康定市 行政区域,撤县设市,2014-2015
莲池区,"[河北省, 保定市]",130606.0,3.0,add,保定市 南 北市区 政区 建制 沿袭 2015 年 月     2015 年 月 15 日 国务院 批准 原 北市区 南市区 合并 莲池区,新增县／市／区,2014-2015
抚宁区,"[河北省, 秦皇岛市]",130306.0,3.0,add,2015 年 月 撤销 抚宁县 设立 秦皇岛市 抚宁区,撤县（市）设区,2014-2015
满城区,"[河北省, 保定市]",130607.0,3.0,add,2015 年 月 28 日 国务院 同意 撤销 满城县 设立 满城区     2015 年 月 18 日 满城区 揭牌 成立,撤县（市）设区,2014-2015
清苑区,"[河北省, 保定市]",130608.0,3.0,add,1986 年 月 清苑县 划 保定市 辖 县 2015 年 月     2015 年 月 28 日 国务院 同意 撤销 清苑县 设立 清苑区,撤县（市）设区,2014-2015
双流区,"[四川省, 成都市]",510116.0,3.0,add,2010 年 11 月 16 日 四川省 成都 天府 新区 总体规划 2010 2013 正式 省政府 批准 标志 天府 新区 正式 成立     张 2016 年 月 18 日 双流区 正式 挂牌 成立     2017 年 月 31 日 国务院 印发 中国 四川 自由贸易 试验区 总体方案 通知,撤县（市）设区,2014-2015
双流县,"[四川省, 成都市]",510122.0,3.0,del,2010 年 11 月 16 日 四川省 成都 天府 新区 总体规划 2010 2013 正式 省政府 批准 标志 天府 新区 正式 成立     张 2016 年 月 18 日 双流区 正式 挂牌 成立     2017 年 月 31 日 国务院 印发 中国 四川 自由贸易 试验区 总体方案 通知,撤县（市）设区,2014-2015
抚宁县,"[河北省, 秦皇岛市]",130323.0,3.0,del,2015 年 月 撤销 抚宁县 设立 秦皇岛市 抚宁区,撤县（市）设区,2014-2015
清苑县,"[河北省, 保定市]",130622.0,3.0,del,1986 年 月 清苑县 划 保定市 辖 县 2015 年 月     2015 年 月 日 撤销 清苑县 设立 清苑区,撤县（市）设区,2014-2015
江川区,"[云南省, 玉溪市]",530403.0,3.0,add,2015 年 12 月 日 国务院 国函 2015 208 号 批复 同意 撤销 江川县 设立 玉溪市 江川区 以原 江川县 行政区域 江川区 行政区域 江川区 人民政府 驻 大街 街道 宁海 路 34 号,撤县（市）设区,2014-2015
满城县,"[河北省, 保定市]",130621.0,3.0,del,2015 年 月 28 日 国务院 同意 撤销 满城县 设立 满城区     2015 年 月 18 日 满城区 揭牌 成立,撤县（市）设区,2014-2015
徐水县,"[河北省, 保定市]",130625.0,3.0,del,2015 年 月 28 日 国务院 同意 撤销 徐水县 设立 徐水区,撤县（市）设区,2014-2015
腾冲市,"[云南省, 保山市]",530581.0,3.0,add,2015 年 月 日 撤销 腾冲县 设立 县级 腾冲市 腾冲市 云南省 直辖 保山市 代管,撤县设市,2014-2015
江川县,"[云南省, 玉溪市]",530421.0,3.0,del,2015 年 12 月 日 国务院 国函 2015 208 号 批复 同意 撤销 江川县 设立 玉溪市 江川区 以原 江川县 行政区域 江川区 行政区域 江川区 人民政府 驻 大街 街道 宁海 路 34 号,撤县（市）设区,2014-2015
腾冲县,"[云南省, 保山市]",530522.0,3.0,del,2015 年 月 日 撤销 腾冲县 设立 县级 腾冲市 腾冲市 云南省 直辖 保山市 代管,撤县设市,2014-2015
北市区,"[河北省, 保定市]",130603.0,3.0,del,2015 年 月 日 国务院 同意 撤销 保定市 北市区 南市区 设立 莲池区,新增县／市／区,2014-2015
金坛区,"[江苏省, 常州市]",320413.0,3.0,add,2015 年 月 国务院 同意 撤销 县级 金坛市 设立 常州市 金坛区     2015 年 月 31 日 常州市 金坛区 正式 挂牌 成立,撤县（市）设区,2014-2015
金坛市,"[江苏省, 常州市]",320482.0,3.0,del,2015 年 月 国务院 同意 撤销 县级 金坛市 设立 常州市 金坛区     2015 年 月 31 日 常州市 金坛区 正式 挂牌 成立,撤县（市）设区,2014-2015
徐水区,"[河北省, 保定市]",130609.0,3.0,add,2015 年 月 28 日 国务院 同意 撤销 徐水县 设立 徐水区,撤县（市）设区,2014-2015
辽中区,"[辽宁省, 沈阳市]",210115.0,3.0,add,张 2016 年 月 国务院 批准 辽中县 撤县 设区     2016 年 月 11 日 辽中区 正式 挂牌,撤县（市）设区,2015-2016
大洼区,"[辽宁省, 盘锦市]",211104.0,3.0,add,2016 年 月 国务院 省政府 批复 同意 撤销 大洼县 设立 盘锦市 大洼区 以原 大洼县 行政区域 大洼区 行政区域,撤县（市）设区,2015-2016
坪山区,"[广东省, 深圳市]",440310.0,3.0,add,2016 年 月 国务院 批复 龙岗区 坪 山 街道 坑梓 街道 坪 山 坪山区 区域 设立 坪山区 2017 年 月 日 深圳 坪山区 揭牌 仪式 正式 行政区,新增县／市／区,2015-2016
鄠邑区,"[陕西省, 西安市]",610118.0,3.0,add,2016 年 11 月 24 日 国务院 同意 陕西省 调整 西安市 行政区划 批复 2016 年 12 月 23 日 陕西省 人民政府 同意 西安市 调整 行政区划 批复 相继 批复 同意 撤销 户县 设立 西安市 鄠邑区 以原 户县 行政区域 鄠邑区 行政区域 鄠邑区 人民政府 驻甘亭 街道 东街 号,撤县（市）设区,2015-2016
安塞区,"[陕西省, 延安市]",610603.0,3.0,add,2016 年 陕西省 上报 国务院 县级 行政区划 调整 事项 延安市 安塞县 撤县 设区,撤县（市）设区,2015-2016
东乡区,"[江西省, 抚州市]",361003.0,3.0,add,2016 年 12 月 23 日 国务院 批复 精神 同意 撤销 东乡县 设立 抚州市 东乡区,撤县（市）设区,2015-2016
赣县区,"[江西省, 赣州市]",360704.0,3.0,add,2016 年 10 月 江西省政府 印发 通知 国务院 批复 精神 同意 撤销 赣县 设立 赣州市 赣县区 以原 赣县 行政区域 赣州市 赣县区 行政区域     2016 年 12 月 28 日 赣州市 赣县区 正式 挂牌 成立,撤县（市）设区,2015-2016
星子县,"[江西省, 九江市]",360427.0,3.0,del,2016 年 月 撤销 星子县 设立 县级 庐山市,撤县设市,2015-2016
大洼县,"[辽宁省, 盘锦市]",211121.0,3.0,del,2016 年 月 国务院 省政府 批复 同意 撤销 大洼县 设立 盘锦市 大洼区 以原 大洼县 行政区域 大洼区 行政区域,撤县（市）设区,2015-2016
辽中县,"[辽宁省, 沈阳市]",210122.0,3.0,del,张 2016 年 月 国务院 批准 辽中县 撤县 设区     2016 年 月 11 日 辽中区 正式 挂牌,撤县（市）设区,2015-2016
龙华区,"[广东省, 深圳市]",440309.0,3.0,add,2016 年 10 月 国务院 批复 广东省 人民政府 同意 设立 深圳市 龙华区 以观 湖 观澜 福城 龙华 民治 大浪 街道 行政区域 龙华区 行政区域,新增县／市／区,2015-2016
东陵区,"[辽宁省, 沈阳市]",210112.0,3.0,just_name_change,2014 年 月 17 日 国务院 批准 民政部 批复 同意 东陵区 更名 浑南区     2014 年 月 日 东陵区 正式 更名 浑南区,更名,2015-2016
安塞县,"[陕西省, 延安市]",610624.0,3.0,del,2016 年 陕西省 上报 国务院 县级 行政区划 调整 事项 延安市 安塞县 撤县 设区,撤县（市）设区,2015-2016
户县,"[陕西省, 西安市]",610125.0,3.0,del,2016 年 11 月 24 日 国务院 同意 陕西省 调整 西安市 行政区划 批复 2016 年 12 月 23 日 陕西省 人民政府 同意 西安市 调整 行政区划 批复 相继 批复 同意 撤销 户县 设立 西安市 鄠邑区 以原 户县 行政区域 鄠邑区 行政区域 鄠邑区 人民政府 驻甘亭 街道 东街 号,撤县（市）设区,2015-2016
庐山市,"[江西省, 九江市]",360483.0,3.0,add,2015 年 九江市 多方 调查 研究 正式 江西省政府 呈报 庐山 设市 申请     2016 年 月 国务院 同意 江西省 调整 九江市 行政区划 批复 江西省 调整 九江市 行政区划 撤销 星子县 设立 县级 庐山市 九江市 庐山区 牯岭 镇 划归 庐山市 管辖 以原 星子县 九江市 庐山区 牯岭 镇 行政区域 庐山市 行政区域,撤县设市,2015-2016
康巴什区,"[内蒙古自治区, 鄂尔多斯市]",150603.0,3.0,add,2016 年 月 26 日 国务院 正式 批准 鄂尔多斯市 在析 东胜区 南部 设立 康巴什区     2016 年 12 月 日 鄂尔多斯市 委 常委会 会议 暨 改革 领导 小组会议 研究部署 设立 康巴什区 事宜,新增县／市／区,2015-2016
安州区,"[四川省, 绵阳市]",510705.0,3.0,add,2016 年 月 23 日 国务院 批准 撤销 安县 设立 绵阳市 安州区 同年 月 20 日 绵阳市 安州区 正式 挂牌,撤县（市）设区,2015-2016
郫都区,"[四川省, 成都市]",510117.0,3.0,add,2016 年 11 月 24 日 12 月 日 国务院 批复 同意 撤销 郫县 设立 成都市 郫都区 行政区域 政府 驻地,撤县（市）设区,2015-2016
东乡县,"[江西省, 抚州市]",361029.0,3.0,del,2016 年 12 月 23 日 国务院 批复 精神 同意 撤销 东乡县 设立 抚州市 东乡区,撤县（市）设区,2015-2016
赣县,"[江西省, 赣州市]",360721.0,3.0,del,2016 年 10 月 江西省政府 印发 通知 国务院 批复 精神 同意 撤销 赣县 设立 赣州市 赣县区 以原 赣县 行政区域 赣州市 赣县区 行政区域     2016 年 12 月 28 日 赣州市 赣县区 正式 挂牌 成立,撤县（市）设区,2015-2016
庐山区,"[江西省, 九江市]",360402.0,3.0,just_name_change,2016 年 月 日 庐山市 重名 更名 濂溪区,更名,2015-2016
播州区,"[贵州省, 遵义市]",520304.0,3.0,add,2016 年 月 国务院 同意 撤销 遵义县 设立 遵义市 播州区 以原 遵义县 含山 盆镇 芝麻 镇 沙湾镇 毛石镇 松林 镇 新舟 镇 虾子镇 三渡 镇 永乐镇 喇叭 镇 行政区域 播州区 行政区域     2016 年 月 日 播州区 正式 挂牌 成立,撤县（市）设区,2015-2016
建安区,"[河南省, 许昌市]",411003.0,3.0,add,2016 年 11 月 24 日 国务院 印发 国务院 同意 河南省 调整 许昌市 行政区划 批复 同意 撤销 许昌县 设立 许昌市 建安区 以原 许昌县 行政区域 建安区 行政区域 建安区 人民政府 驻 建安区 尚 集镇 新元 大道 107 国道 交汇处,撤县（市）设区,2015-2016
简阳市,"[四川省, 成都市]",510185.0,3.0,add,2016 年 月 国务院 四川省人民政府 批准 简阳市 改由 成都市 代管,归属变化,2015-2016
安县,"[四川省, 绵阳市]",510724.0,3.0,del,2016 年 月 23 日 国务院 批准 撤销 安县 设立 绵阳市 安州区 同年 月 20 日 绵阳市 安州区 正式 挂牌,撤县（市）设区,2015-2016
郫县,"[四川省, 成都市]",510124.0,3.0,del,2016 年 11 月 24 日 12 月 日 国务院 批复 同意 撤销 郫县 设立 成都市 郫都区 行政区域 政府 驻地,撤县（市）设区,2015-2016
武隆区,"[重庆市, 武隆区]",500156.0,2.0,add,1998 年 12 月 正式 撤销 涪陵市 武隆县 重庆市 直管 2016 年 11 月 24 日 国务院 正式 签发 国务院 同意 重庆市 调整 行政区划 批复 国函 2016 185 号 同意 撤销 武隆县 设立 武隆区,撤县（市）设区,2015-2016
遵义县,"[贵州省, 遵义市]",520321.0,3.0,del,2016 年 月 国务院 同意 撤销 遵义县 设立 遵义市 播州区 以原 遵义县 含山 盆镇 芝麻 镇 沙湾镇 毛石镇 松林 镇 新舟 镇 虾子镇 三渡 镇 永乐镇 喇叭 镇 行政区域 播州区 行政区域     2016 年 月 日 播州区 正式 挂牌 成立,撤县（市）设区,2015-2016
梁平区,"[重庆市, 梁平区]",500155.0,2.0,add,2016 年 11 月 24 日 国务院 正式 签发 国务院 同意 重庆市 调整 行政区划 批复 同意 撤销 梁平县 设立 梁平区,撤县（市）设区,2015-2016
许昌县,"[河南省, 许昌市]",411023.0,3.0,del,2016 年 11 月 24 日 国务院 印发 国务院 同意 河南省 调整 许昌市 行政区划 批复 同意 撤销 许昌县 设立 许昌市 建安区 以原 许昌县 行政区域 建安区 行政区域 建安区 人民政府 驻 建安区 尚 集镇 新元 大道 107 国道 交汇处,撤县（市）设区,2015-2016
开州区,"[重庆市, 开州区]",500154.0,2.0,add,2016 年 月 日 国务院 批复 同意 撤销 开县 设立 重庆市 开州区 2016 年 月 22 日 开州区 正式 挂牌 成立,撤县（市）设区,2015-2016
抚远市,"[黑龙江省, 佳木斯市]",230883.0,3.0,add,2016 年 月 15 日 民政部 批复 抚远 撤县 设市,撤县设市,2015-2016
抚远县,"[黑龙江省, 佳木斯市]",230833.0,3.0,del,2016 年 月 15 日 民政部 批复 抚远 撤县 设市,撤县设市,2015-2016
晋宁区,"[云南省, 昆明市]",530115.0,3.0,add,2016 年 11 月 24 日 2016 年 12 月 12 日 国务院 云南省人民政府 相继 批复 同意 撤销 晋宁县 设立 昆明市 晋宁区 晋宁区 行政区域 为原 晋宁县 行政区域 晋宁区 人民政府 驻 昆阳 街道 郑和 路 365 号,撤县（市）设区,2015-2016
沾益区,"[云南省, 曲靖市]",530303.0,3.0,add,2016 年 月 日 国务院 云南省人民政府 提交 撤销 沾益县 设立 曲靖市 沾益区 请示 作出 批复 同意 撤销 沾益县 设立 曲靖市 沾益区 以原 沾益县 行政区域 沾益区 行政区域,撤县（市）设区,2015-2016
开县,"[重庆市, 开县]",500234.0,2.0,del,2016 年 月 日 国务院 批复 同意 撤销 开县 设立 重庆市 开州区 2016 年 月 22 日 开州区 正式 挂牌 成立,撤县（市）设区,2015-2016
梁平县,"[重庆市, 梁平县]",500228.0,2.0,del,2016 年 11 月 24 日 国务院 正式 签发 国务院 同意 重庆市 调整 行政区划 批复 同意 撤销 梁平县 设立 梁平区,撤县（市）设区,2015-2016
定陶区,"[山东省, 菏泽市]",371703.0,3.0,add,2016 年 月 日 国务院 批复 同意 撤销 定陶县 设立 菏泽市 定陶区 以原 定陶县 行政区域 定陶区 行政区域 定陶区 人民政府 驻天 中 街道 陶朱公 大街 939 号     2016 年 月 29 日 上午 10 时 菏泽市 定陶区 成立 大会,撤县（市）设区,2015-2016
垦利区,"[山东省, 东营市]",370505.0,3.0,add,2016 年 月 日 正式 撤销 垦利县 设立 东营市 垦利区 以原 垦利县 行政区域 东营市 垦利区 行政区域,撤县（市）设区,2015-2016
章丘区,"[山东省, 济南市]",370114.0,3.0,add,2016 年 12 月 22 日 撤销 县级 章丘市 设立 济南市 章丘区,撤县（市）设区,2015-2016
武隆县,"[重庆市, 武隆县]",500232.0,2.0,del,1998 年 12 月 正式 撤销 涪陵市 武隆县 重庆市 直管 2016 年 11 月 24 日 国务院 正式 签发 国务院 同意 重庆市 调整 行政区划 批复 国函 2016 185 号 同意 撤销 武隆县 设立 武隆区,撤县（市）设区,2015-2016
泸水市,"[云南省, 怒江傈僳族自治州]",533301.0,3.0,add,2016 年 国务院 批准 同意 撤销 泸水县 设立 县级 泸水市 以原 泸水县 行政区域 泸水市 行政区域 泸水市 人民政府 驻 六库镇 龙江路 号,撤县设市,2015-2016
肥乡区,"[河北省, 邯郸市]",130407.0,3.0,add,2015 年 撤销 大西 韩乡 设立 大寺 上镇 冀民函 2015 176 号     2016 年 月 30 日 下午 国务院 下发 国务院 同意 河北省 调整 邯郸市 行政区划 批复 同意 撤销 肥乡县 设立 邯郸市 肥乡区 以原 肥乡县 行政区域 肥乡区 行政区域,撤县（市）设区,2015-2016
晋宁县,"[云南省, 昆明市]",530122.0,3.0,del,2016 年 11 月 24 日 2016 年 12 月 12 日 国务院 云南省人民政府 相继 批复 同意 撤销 晋宁县 设立 昆明市 晋宁区 晋宁区 行政区域 为原 晋宁县 行政区域 晋宁区 人民政府 驻 昆阳 街道 郑和 路 365 号,撤县（市）设区,2015-2016
沾益县,"[云南省, 曲靖市]",530328.0,3.0,del,2016 年 月 日 国务院 云南省人民政府 提交 撤销 沾益县 设立 曲靖市 沾益区 请示 作出 批复 同意 撤销 沾益县 设立 曲靖市 沾益区 以原 沾益县 行政区域 沾益区 行政区域,撤县（市）设区,2015-2016
泸水县,"[云南省, 怒江傈僳族自治州]",533321.0,3.0,del,2016 年 国务院 批准 同意 撤销 泸水县 设立 县级 泸水市 以原 泸水县 行政区域 泸水市 行政区域 泸水市 人民政府 驻 六库镇 龙江路 号,撤县设市,2015-2016
永年区,"[河北省, 邯郸市]",130408.0,3.0,add,1958 年 县城 广府 镇 迁至 洺 关镇 属 邯郸 张 邯郸市 2016 年 月 30 日     2016 年 月 30 日 下午 邯郸市 行政区划 调整 动员大会 宣读 国务院 同意 河北省 调整 邯郸市 行政区划 批复   同意 撤销 永年县 设立 邯郸市 永年区 以原 永年县 行政区域 不含 南沿 村镇 小西 堡 乡 姚寨 乡 永年区 行政区域 永年区 人民政府 驻临 洺 关镇 洺 洲 大道 25 号,撤县（市）设区,2015-2016
崇礼区,"[河北省, 张家口市]",130709.0,3.0,add,2016 年 月 27 日 张家口市 行政区划 调整 获 国务院 批复 同意 撤销 崇礼县 设立 崇礼区 管辖 政府 驻地,撤县（市）设区,2015-2016
定陶县,"[山东省, 菏泽市]",371727.0,3.0,del,2016 年 月 日 国务院 批复 同意 撤销 定陶县 设立 菏泽市 定陶区 以原 定陶县 行政区域 定陶区 行政区域 定陶区 人民政府 驻天 中 街道 陶朱公 大街 939 号     2016 年 月 29 日 上午 10 时 菏泽市 定陶区 成立 大会,撤县（市）设区,2015-2016
章丘市,"[山东省, 济南市]",370181.0,3.0,del,2016 年 12 月 22 日 撤销 县级 章丘市 设立 济南市 章丘区,撤县（市）设区,2015-2016
垦利县,"[山东省, 东营市]",370521.0,3.0,del,2016 年 月 日 正式 撤销 垦利县 设立 东营市 垦利区 以原 垦利县 行政区域 东营市 垦利区 行政区域,撤县（市）设区,2015-2016
万全区,"[河北省, 张家口市]",130708.0,3.0,add,2016 年 月 27 日 张家口市 行政区划 调整 获 国务院 批复 同意 撤销 万全县 设立 万全区 管辖 政府 驻地,撤县（市）设区,2015-2016
冀州区,"[河北省, 衡水市]",131103.0,3.0,add,2016 年 月 日 国务院 批准 撤销 县级 冀州市 设立 衡水市 冀州区 以原 冀州市 行政区域 冀州区 行政区域,撤县（市）设区,2015-2016
邯郸县,"[河北省, 邯郸市]",130421.0,3.0,del,2016 年 月 撤销 邯郸县 原 邯郸县 下辖 乡镇 丛台区 邯山区 管辖,撤销,2015-2016
永年县,"[河北省, 邯郸市]",130429.0,3.0,del,1958 年 县城 广府 镇 迁至 洺 关镇 属 邯郸 张 邯郸市 2016 年 月 30 日     2016 年 月 30 日 下午 邯郸市 行政区划 调整 动员大会 宣读 国务院 同意 河北省 调整 邯郸市 行政区划 批复   同意 撤销 永年县 设立 邯郸市 永年区 以原 永年县 行政区域 不含 南沿 村镇 小西 堡 乡 姚寨 乡 永年区 行政区域 永年区 人民政府 驻临 洺 关镇 洺 洲 大道 25 号,撤县（市）设区,2015-2016
乃东区,"[西藏自治区, 山南市]",540502.0,3.0,add,2016 年 月 国务院 批复 同意 撤销 乃东县 设立 乃东区 以原 乃东县 行政区域 乃东区 行政区域,撤县（市）设区,2015-2016
肥乡县,"[河北省, 邯郸市]",130428.0,3.0,del,2015 年 撤销 大西 韩乡 设立 大寺 上镇 冀民函 2015 176 号     2016 年 月 30 日 下午 国务院 下发 国务院 同意 河北省 调整 邯郸市 行政区划 批复 同意 撤销 肥乡县 设立 邯郸市 肥乡区 以原 肥乡县 行政区域 肥乡区 行政区域,撤县（市）设区,2015-2016
崇礼县,"[河北省, 张家口市]",130733.0,3.0,del,2016 年 月 27 日 张家口市 行政区划 调整 获 国务院 批复 同意 撤销 崇礼县 设立 崇礼区 管辖 政府 驻地,撤县（市）设区,2015-2016
琼结县,"[西藏自治区, 山南市]",540524.0,3.0,add,2016 年 月 山南 撤地 设市 琼结县 属 山南市 管辖,-,2015-2016
贡嘎县,"[西藏自治区, 山南市]",540522.0,3.0,add,2016 年 月 山南 撤地 设市 贡嘎县 属 山南市 管辖,-,2015-2016
洛扎县,"[西藏自治区, 山南市]",540527.0,3.0,add,2016 年 月 山南 撤地 设市 洛扎县 属 山南市 管辖,-,2015-2016
曲松县,"[西藏自治区, 山南市]",540525.0,3.0,add,2016 年 月 山南 撤地 设市 曲松县 隶属于 山南市,-,2015-2016
桑日县,"[西藏自治区, 山南市]",540523.0,3.0,add,2016 年 月 山南 撤地 设市 桑日县 属 山南市 管辖,-,2015-2016
万全县,"[河北省, 张家口市]",130729.0,3.0,del,2016 年 月 27 日 张家口市 行政区划 调整 获 国务院 批复 同意 撤销 万全县 设立 万全区 管辖 政府 驻地,撤县（市）设区,2015-2016
冀州市,"[河北省, 衡水市]",131181.0,3.0,del,2016 年 月 日 国务院 批准 撤销 县级 冀州市 设立 衡水市 冀州区 以原 冀州市 行政区域 冀州区 行政区域,撤县（市）设区,2015-2016
山南市,"[西藏自治区, 山南市]",540500.0,3.0,add,2016 年 月 国务院 批复 同意 撤销 山南地区 乃东县 设立 地级 山南市 山南市 设立 乃东区 以原 乃东县 行政区域 乃东区 行政区域     2016 年 月 27 日 中共 山南 市委 市人大 市政府 市政协 市 纪委 揭牌 仪式 标志 山南市 班子 正式 依法 履职,撤地区设市,2015-2016
加查县,"[西藏自治区, 山南市]",540528.0,3.0,add,2016 年 月 山南 撤地 设市 加查县 属 山南市 管辖,-,2015-2016
扎囊县,"[西藏自治区, 山南市]",540521.0,3.0,add,2016 年 月 山南地区 撤地 设市 扎囊县 属 山南市 管辖,-,2015-2016
隆子县,"[西藏自治区, 山南市]",540529.0,3.0,add,2016 年 月 山南 撤地 设市 隆子县 山南市 管辖,-,2015-2016
错那县,"[西藏自治区, 山南市]",540530.0,3.0,add,2016 年 月 属地 级 山南市,-,2015-2016
措美县,"[西藏自治区, 山南市]",540526.0,3.0,add,2000 年 措美县 辖 镇 乡 2016 年 月 山南 撤地 设市 措美县 属 山南市 管辖,-,2015-2016
洪泽区,"[江苏省, 淮安市]",320813.0,3.0,add,2016 年 月 撤销 洪泽县 设立 淮安市 洪泽区 以原 洪泽县 行政区域 洪泽区 行政区域     2016 年 10 月 日 淮安市 洪泽区 正式 挂牌 成立,撤县（市）设区,2015-2016
浪卡子县,"[西藏自治区, 山南市]",540531.0,3.0,add,2016 年 月 山南 撤地 设市 此县 山南市,-,2015-2016
清江浦区,"[江苏省, 淮安市]",320812.0,3.0,add,2015 年 12 月 22 日 中共 淮安市 第六次 代表大会 第五次 会议 淮安 新一轮 新 行政区划 调整     2016 年 月 国务院 同意 江苏省 调整 淮安市 行政区划 批复 同意 撤销 淮安市 清河区 清浦区 设立 淮安市 清江浦区 以原 清河区 清浦区 行政区域 清江浦区 行政区域 清江浦区 人民政府 驻 城南 乡 淮海 南路 268 号,合并,2015-2016
崇明区,"[上海市, 崇明区]",310151.0,2.0,add,2016 年 月 22 日 上海市委 市政府 崇明 崇明 撤县 设区 工作 大会 会上 上海 唯一 县 崇明县 撤县 设区,撤县（市）设区,2015-2016
蓟州区,"[天津市, 蓟州区]",120119.0,2.0,add,2016 年 月 国务院 同意 天津市 调整 行政区划 批复 国函 2016 98 号 同意 撤销 蓟县 设立 天津市 蓟州区 以原 蓟县 行政区域 蓟州区 行政区域 蓟州区 人民政府 驻 文昌街 街道 府 前 街 号,撤县（市）设区,2015-2016
山南地区,"[西藏自治区, 山南地区]",542200.0,3.0,del,2016 年 月 国务院 批复 同意 撤销 山南地区 乃东县 设立 地级 山南市 山南市 设立 乃东区 以原 乃东县 行政区域 乃东区 行政区域     2016 年 月 27 日 中共 山南 市委 市人大 市政府 市政协 市 纪委 揭牌 仪式 标志 山南市 班子 正式 依法 履职,撤地区设市,2015-2016
乃东县,"[西藏自治区, 山南地区]",542221.0,3.0,del,2016 年 月 国务院 批复 同意 撤销 乃东县 设立 乃东区 以原 乃东县 行政区域 乃东区 行政区域,撤县（市）设区,2015-2016
崇明县,"[上海市, 崇明县]",310230.0,2.0,del,2016 年 月 22 日 上海市委 市政府 崇明 崇明 撤县 设区 工作 大会 会上 上海 唯一 县 崇明县 撤县 设区,撤县（市）设区,2015-2016
伊州区,"[新疆维吾尔自治区, 哈密市]",650502.0,3.0,add,2016 年 月 日 国务院 下达 批复 同意 撤销 哈密地区 县级 哈密市 设立 地级 哈密市 伊州区,撤县（市）设区,2015-2016
昆玉市,"[新疆维吾尔自治区, 阿勒泰地区]",659009.0,3.0,add,2016 年 月 新疆生产建设兵团 第十四 师为 基础 组建 昆玉市     2016 年 月 20 日 国务院 批复 同意 新疆生产建设兵团 第十四 师 设立 自治区 直辖 县级 昆玉市     2016 年 月 26 日 兵团 第九个 城市 昆玉市 挂牌 成立 新疆维吾尔自治区 直辖 县级市 兵团 阿拉尔 铁门关 石河子 城市   师市 合一 管理模式     2016 年 月 日 新疆生产建设兵团 第十四 师 昆玉市 225 团 成立 暨 新城区 建设 奠基仪式 于田县 喀孜 纳克 开发区,新增县／市／区,2015-2016
奉化区,"[浙江省, 宁波市]",330213.0,3.0,add,2016 年 国务院 国函 2016 158 号 批复 同意 撤销 县级 奉化市 设立 宁波市 奉化区 以原 县级 奉化市 行政区域 奉化区 行政区域,撤县（市）设区,2015-2016
洪泽县,"[江苏省, 淮安市]",320829.0,3.0,del,2016 年 月 撤销 洪泽县 设立 淮安市 洪泽区 以原 洪泽县 行政区域 洪泽区 行政区域     2016 年 10 月 日 淮安市 洪泽区 正式 挂牌 成立,撤县（市）设区,2015-2016
哈密市,"[新疆维吾尔自治区, 哈密市]",650500.0,3.0,add,2016 年 月 18 日 哈密 正式 设地 设市 丝绸之路 经济带 沿线 诞生 年轻 城市,撤地区设市,2015-2016
蓟县,"[天津市, 蓟县]",120225.0,2.0,del,2016 年 月 国务院 同意 天津市 调整 行政区划 批复 国函 2016 98 号 同意 撤销 蓟县 设立 天津市 蓟州区 以原 蓟县 行政区域 蓟州区 行政区域 蓟州区 人民政府 驻 文昌街 街道 府 前 街 号,撤县（市）设区,2015-2016
平桂区,"[广西壮族自治区, 贺州市]",451103.0,3.0,add,2016 年 月 11 日 国务院 批准 同意 设立 贺州市 平桂区,新增县／市／区,2015-2016
哈密地区,"[新疆维吾尔自治区, 哈密地区]",652200.0,3.0,del,2016 年 月 18 日 哈密 正式 设地 设市 丝绸之路 经济带 沿线 诞生 年轻 城市,撤地区设市,2015-2016
江东区,"[浙江省, 宁波市]",330204.0,3.0,del,2016 年 月 江东区 撤销 原 江东区 管辖 行政区域 划归 宁波市 鄞州区 管辖,撤销,2015-2016
宜州区,"[广西壮族自治区, 河池市]",451203.0,3.0,add,2016 年 12 月 14 日 国务院 批复 同意 撤销 县级 宜州市 设立 河池市 宜州区 同意 河池市 政府 驻地 迁至 宜州区,撤县（市）设区,2015-2016
柳江区,"[广西壮族自治区, 柳州市]",450206.0,3.0,add,2016 年 月 30 日 国务院 同意 撤销 柳江县 设立 柳州市 柳江区 以原 柳江县 行政区域 柳江区 行政区域,撤县（市）设区,2015-2016
奉化市,"[浙江省, 宁波市]",330283.0,3.0,del,2016 年 国务院 国函 2016 158 号 批复 同意 撤销 县级 奉化市 设立 宁波市 奉化区 以原 县级 奉化市 行政区域 奉化区 行政区域,撤县（市）设区,2015-2016
宜州市,"[广西壮族自治区, 河池市]",451281.0,3.0,del,2016 年 12 月 14 日 国务院 批复 同意 撤销 县级 宜州市 设立 河池市 宜州区 同意 河池市 政府 驻地 迁至 宜州区,撤县（市）设区,2015-2016
柳江县,"[广西壮族自治区, 柳州市]",450221.0,3.0,del,2016 年 月 30 日 国务院 同意 撤销 柳江县 设立 柳州市 柳江区 以原 柳江县 行政区域 柳江区 行政区域,撤县（市）设区,2015-2016
南郑区,"[陕西省, 汉中市]",610703.0,3.0,add,2017 年 月 国务院 同意 撤销 南郑县 设立 汉中市 南郑 区,撤县设市,2016-2017
九江县,"[江西省, 九江市]",360421.0,3.0,del,2017 年 月 21 日 国务院 同意 江西省 调整 九江市 行政区划 批复 国函 2017 104 号 文件 同意 撤销 九江县 设立 九江市 柴桑区 以原 九江县 行政区域 柴桑区 行政区域 柴桑区 人民政府 驻 沙河 街镇 庐山 北路 168 号,撤县（市）设区,2016-2017
柴桑区,"[江西省, 九江市]",360404.0,3.0,add,2017 年 08 月 21 日 国务院 同意 江西省 调整 九江市 行政区划 批复 国函 2017 104 号 文件 同意 撤销 九江县 设立 九江市 柴桑区 以原 九江县 行政区域 柴桑区 行政区域 柴桑区 人民政府 驻 沙河 街镇 庐山 北路 168 号     2017 年 月 21 日 国务院 同意 江西省 调整 九江市 行政区划 批复 同意 撤销 九江县 设立 九江市 柴桑区 以原 九江县 行政区域 柴桑区 行政区域 柴桑区 人民政府 驻 沙河 街镇 庐山 北路 168 号,撤县（市）设区,2016-2017
罗江区,"[四川省, 德阳市]",510604.0,3.0,add,2017 年 月 日 罗江县 人大常委会 主任 白光 裕 率队 四川省 绵阳 安州区 交流学习 撤县 设区 工作     2017 年 月 21 日 国务院 下发 同意 四川省 调整 德阳市 行政区划 批复 同意 撤销 罗江县 设立 德阳市 罗江 区 以原 罗江县 行政区域 罗江 区 行政区域 罗江 区 人民政府 驻 万安镇 景乐 北路 88 号     2017 年 11 月 10 日 上午 德阳市 罗江 区 成立 大会 德阳市 罗江 区 正式 挂牌 意味着 罗江 告别 县 历史 区 时代 迎来 新 发展 机遇,撤县（市）设区,2016-2017
罗江县,"[四川省, 德阳市]",510626.0,3.0,del,2017 年 月 21 日 国务院 下发 同意 四川省 调整 德阳市 行政区划 批复 同意 撤销 罗江县 设立 德阳市 罗江 区,撤县（市）设区,2016-2017
长乐区,"[福建省, 福州市]",350112.0,3.0,add,2017 年 11 月 日 长乐 撤市 设区 以原 长乐市 行政区域 长乐 区 行政区域,撤县（市）设区,2016-2017
平泉县,"[河北省, 承德市]",130823.0,3.0,del,2017 年 月 10 日经 国务院 批准 同意 撤销 平泉县 设立 县级 平泉 市 以原 平泉县 行政区域 平泉 市 行政区域 平泉 市 人民政府 驻 平泉 镇府 前 街 17 号,撤县设市,2016-2017
盘州市,"[贵州省, 六盘水市]",520281.0,3.0,add,2017 年 月 民政部 同意 贵州省 撤销 盘县 设立 县级 盘 州市 批复 国务院 批准 同意 撤销 盘县 设立 县级 盘 州市 以原 盘县 行政区域 为盘 州市 行政区域 盘 州市 人民政府 驻亦资 街道 凤鸣 北路 号,撤县设市,2016-2017
盘县,"[贵州省, 六盘水市]",520222.0,3.0,del,2017 年 月 民政部 同意 贵州省 撤销 盘县 设立 县级 盘 州市 批复 国务院 批准 同意 撤销 盘县 设立 县级 盘 州市 以原 盘县 行政区域 为盘 州市 行政区域 盘 州市 人民政府 驻亦资 街道 凤鸣 北路 号,撤县设市,2016-2017
神木市,"[陕西省, 榆林市]",610881.0,3.0,add,2017 年 04 月 10 日 国务院 批准 撤销 神木县 设立 县级 神木 市 以原 神木县 行政区域 神木 市 行政区域 神木 市 人民政府 驻 神木 镇府 阳路 号,撤县设市,2016-2017
南郑县,"[陕西省, 汉中市]",610721.0,3.0,del,2017 年 月 国务院 同意 撤销 南郑县 设立 汉中市 南郑 区,撤县（市）设区,2016-2017
神木县,"[陕西省, 榆林市]",610821.0,3.0,del,2017 年 04 月 10 日 国务院 批准 撤销 神木县 设立 县级 神木 市 以原 神木县 行政区域 神木 市 行政区域 神木 市 人民政府 驻 神木 镇府 阳路 号,撤县设市,2016-2017
隆昌市,"[四川省, 内江市]",511083.0,3.0,add,2017 年 月 日 民政部 同意 四川省 撤销 隆昌县 设立 县级 隆昌 市 以原 隆昌县 行政区域 隆昌 市 行政区域 隆昌 市 人民政府 驻古湖 街道 东街 64 号     2017 年 月 22 日 隆昌 市 人民政府 正式 成立,撤县设市,2016-2017
隆昌县,"[四川省, 内江市]",511028.0,3.0,del,2017 年 月 日 民政部 同意 四川省 撤销 隆昌县 设立 县级 隆昌 市 以原 隆昌县 行政区域 隆昌 市 行政区域 隆昌 市 人民政府 驻古湖 街道 东街 64 号     2017 年 月 22 日 隆昌 市 人民政府 正式 成立,撤县设市,2016-2017
长乐市,"[福建省, 福州市]",350182.0,3.0,del,2017 年 11 月 日 长乐 撤市 设区 以原 长乐市 行政区域 长乐 区 行政区域,撤县（市）设区,2016-2017
平泉市,"[河北省, 承德市]",130881.0,3.0,add,2017 年 月 10 日经 国务院 批准 同意 撤销 平泉县 设立 县级 平泉 市 以原 平泉县 行政区域 平泉 市 行政区域 平泉 市 人民政府 驻 平泉 镇府 前 街 17 号,撤县设市,2016-2017
即墨区,"[山东省, 青岛市]",370215.0,3.0,add,2017 年 月 20 日 国务院 山东省政府 批复 青岛市 区划 调整 请示 同意 撤销 县级 即墨市 设立 青岛市 即墨 区,撤县（市）设区,2016-2017
双湖县,"[西藏自治区, 那曲市]",540630.0,3.0,add,2017 年 月 国务院 批复 西藏 那曲 撤地 设市 双湖县 新 设立 那曲 市 管辖,-,2016-2017
比如县,"[西藏自治区, 那曲市]",540622.0,3.0,add,1970 年 改为 那曲地区 2017 年 国务院 批复 西藏 那曲 撤地 设市 比如县 隶属 那曲 市 管辖 镇 市政府 265 千米,-,2016-2017
班戈县,"[西藏自治区, 那曲市]",540627.0,3.0,add,2017 年 国务院 批复 西藏 那曲 撤地 设市 班戈县 属 那曲 市 管辖,-,2016-2017
索县,"[西藏自治区, 那曲市]",540626.0,3.0,add,2017 年 国务院 批复 西藏 那曲 撤地 设市 索县 属 那曲 市 管辖,-,2016-2017
尼玛县,"[西藏自治区, 那曲市]",540629.0,3.0,add,2017 年 国务院 批复 西藏 那曲 撤地 设市 尼玛县 属 那曲 市 管辖,-,2016-2017
即墨市,"[山东省, 青岛市]",370282.0,3.0,del,2017 年 月 20 日 国务院 山东省政府 批复 青岛市 区划 调整 请示 同意 撤销 县级 即墨市 设立 青岛市 即墨 区,撤县（市）设区,2016-2017
色尼区,"[西藏自治区, 那曲市]",540602.0,3.0,add,2017 年 07 月 18 日 国务院 同意 西藏自治区 撤销 那曲地区 设立 地级 那曲 市 批复 撤销 那曲地区 那曲县 设立 地级 那曲 市和色尼区 以原 那曲县 行政区域 为色尼区 行政区域 区 人民政府 驻 那曲镇 文化 西路 26 号,-,2016-2017
巴青县,"[西藏自治区, 那曲市]",540628.0,3.0,add,2017 年 月 国务院 批复 西藏 那曲 撤地 设市 巴青县 那曲 市 管辖,-,2016-2017
达孜区,"[西藏自治区, 拉萨市]",540104.0,3.0,add,2017 年 07 月 18 日 国务院 同意 西藏自治区 撤销 达孜县 设立 拉萨市 达孜 区 以原 达孜县 行政区域 达孜 区 行政区域 达孜 区 人民政府 驻 德庆 镇 德庆 中路 21 号     国函 2017 107 号 2018 年 02 月 01 日 中共 拉萨市 达孜 区 委员会 拉萨市 达孜 区 人民代表大会常务委员会 拉萨市 达孜 区 人民政府 中国人民政治协商会议 拉萨市 达孜 区 委员会 中共 拉萨市 达孜 区 纪律检查 委员会 拉萨市 达孜 区 监察 委员会 衔牌 揭幕仪式,撤县（市）设区,2016-2017
达孜县,"[西藏自治区, 拉萨市]",540126.0,3.0,del,2017 年 国务院 同意 西藏自治区 撤销 达孜县 设立 拉萨市 达孜 区 以原 达孜县 行政区域 达孜 区 行政区域 达孜 区 人民政府 驻 德庆 镇 德庆 中路 21 号     国函 2017 107 号,撤县（市）设区,2016-2017
那曲市,"[西藏自治区, 那曲市]",540600.0,3.0,add,2017 年 07 月 18 日 国务院 同意 西藏自治区 撤销 那曲地区 设立 地级 那曲 市 批复 撤销 那曲地区 那曲县 设立 地级 那曲 市 市 人民政府 驻新 设立 色尼区 浙江 西路 号,撤地区设市,2016-2017
那曲地区,"[西藏自治区, 那曲地区]",542400.0,3.0,del,2017 年 07 月 18 日 国务院 同意 西藏自治区 撤销 那曲地区 设立 地级 那曲 市 批复 撤销 那曲地区 那曲县 设立 地级 那曲 市 市 人民政府 驻新 设立 色尼区 浙江 西路 号,撤地区设市,2016-2017
临安区,"[浙江省, 杭州市]",330112.0,3.0,add,2016 年 月 11 日 杭州市 第十一届 委员会 同意 临安 撤市 设区     2017 年 月 国务院 正式 同意 撤销 县级 临安市 设立 杭州市 临安 区 以原 临安市 行政区域 临安 区 行政区域 临安 区 人民政府 驻 锦城 街道 衣锦街 398 号     2017 年 月 10 日   浙江省人民政府 正式 撤销 县级 临安市 设立 杭州市 临安 区 以原 临安市 行政区域 临安 区 行政区域 临安 区 人民政府 驻 锦城 街道 衣锦街 398 号     2017 年 月 15 日 杭州市 临安 区 正式 挂牌 成立   杭州 第十 区,撤县（市）设区,2016-2017
那曲县,"[西藏自治区, 那曲地区]",542421.0,3.0,del,2017 年 07 月 18 日 国务院 同意 西藏自治区 撤销 那曲地区 设立 地级 那曲 市 批复 撤销 那曲地区 那曲县 设立 地级 那曲 市和色尼区 以原 那曲县 行政区域 为色尼区 行政区域 区 人民政府 驻 那曲镇 文化 西路 26 号,撤地区设市,2016-2017
宁乡市,"[湖南省, 长沙市]",430182.0,3.0,add,2017 年 月 12 日 国务院 批准 同意 撤销 宁乡县 设立 县级 宁乡 市 以原 宁乡县 行政区域 宁乡 市 行政区域     2017 年 12 月 日 宁乡 市 正式 挂牌,撤县设市,2016-2017
宁乡县,"[湖南省, 长沙市]",430124.0,3.0,del,2017 年 月 12 日 国务院 批准 同意 撤销 宁乡县 设立 县级 宁乡 市 以原 宁乡县 行政区域 宁乡 市 行政区域     2017 年 12 月 日 宁乡 市 正式 挂牌,撤县设市,2016-2017
玉环市,"[浙江省, 台州市]",331083.0,3.0,add,2017 年 月 国务院 批准 同意 撤销 玉环县 设立 县级 玉环 市 以原 玉环县 行政区域 玉环 市 行政区域,撤县设市,2016-2017
临安市,"[浙江省, 杭州市]",330185.0,3.0,del,2016 年 月 11 日 杭州市 第十一届 委员会 同意 临安 撤市 设区     2017 年 月 国务院 正式 同意 撤销 县级 临安市 设立 杭州市 临安 区 以原 临安市 行政区域 临安 区 行政区域 临安 区 人民政府 驻 锦城 街道 衣锦街 398 号     2017 年 月 10 日   浙江省人民政府 正式 撤销 县级 临安市 设立 杭州市 临安 区 以原 临安市 行政区域 临安 区 行政区域 临安 区 人民政府 驻 锦城 街道 衣锦街 398 号     2017 年 月 15 日 杭州市 临安 区 正式 挂牌 成立   杭州 第十 区,撤县（市）设区,2016-2017
玉环县,"[浙江省, 台州市]",331021.0,3.0,del,2017 年 月 国务院 批准 同意 撤销 玉环县 设立 县级 玉环 市 以原 玉环县 行政区域 玉环 市 行政区域,撤县设市,2016-2017
